Season,Competition,MatchDate,HomeClub,AwayClub,HomeGoals,AwayGoals,Status
2020/21,Premier League,2020-09-12,Crystal Palace,Southampton,1,0,Completed
2020/21,Premier League,2020-09-12,Fulham,Arsenal,0,3,Completed
2020/21,Premier League,2020-09-12,Liverpool,Leeds United,4,3,Completed
2020/21,Premier League,2020-09-12,West Ham,Newcastle,0,2,Completed
2020/21,Premier League,2020-09-13,Tottenham,Everton,0,1,Completed
2020/21,Premier League,2020-09-13,West Brom,Leicester City,0,3,Completed
2020/21,Premier League,2020-09-14,Brighton,Chelsea,1,3,Completed
2020/21,Premier League,2020-09-14,Sheffield United,Wolves,0,2,Completed
2020/21,Premier League,2020-09-19,Arsenal,West Ham,2,1,Completed
2020/21,Premier League,2020-09-19,Everton,West Brom,5,2,Completed
2020/21,Premier League,2020-09-19,Leeds United,Fulham,4,3,Completed
2020/21,Premier League,2020-09-19,Manchester Utd,Crystal Palace,1,3,Completed
2020/21,Premier League,2020-09-20,Chelsea,Liverpool,0,2,Completed
2020/21,Premier League,2020-09-20,Leicester City,Burnley,4,2,Completed
2020/21,Premier League,2020-09-20,Newcastle,Brighton,0,3,Completed
2020/21,Premier League,2020-09-20,Southampton,Tottenham,2,5,Completed
2020/21,Premier League,2020-09-21,Aston Villa,Sheffield United,1,0,Completed
2020/21,Premier League,2020-09-21,Wolves,Manchester City,1,3,Completed
2020/21,Premier League,2020-09-26,Brighton,Manchester Utd,2,3,Completed
2020/21,Premier League,2020-09-26,Burnley,Southampton,0,1,Completed
2020/21,Premier League,2020-09-26,Crystal Palace,Everton,1,2,Completed
2020/21,Premier League,2020-09-26,West Brom,Chelsea,3,3,Completed
2020/21,Premier League,2020-09-27,Manchester City,Leicester City,2,5,Completed
2020/21,Premier League,2020-09-27,Sheffield United,Leeds United,0,1,Completed
2020/21,Premier League,2020-09-27,Tottenham,Newcastle,1,1,Completed
2020/21,Premier League,2020-09-27,West Ham,Wolves,4,0,Completed
2020/21,Premier League,2020-09-28,Fulham,Aston Villa,0,3,Completed
2020/21,Premier League,2020-09-28,Liverpool,Arsenal,3,1,Completed
2020/21,Premier League,2020-10-03,Chelsea,Crystal Palace,4,0,Completed
2020/21,Premier League,2020-10-03,Everton,Brighton,4,2,Completed
2020/21,Premier League,2020-10-03,Leeds United,Manchester City,1,1,Completed
2020/21,Premier League,2020-10-03,Newcastle,Burnley,3,1,Completed
2020/21,Premier League,2020-10-04,Arsenal,Sheffield United,2,1,Completed
2020/21,Premier League,2020-10-04,Aston Villa,Liverpool,7,2,Completed
2020/21,Premier League,2020-10-04,Leicester City,West Ham,0,3,Completed
2020/21,Premier League,2020-10-04,Manchester Utd,Tottenham,1,6,Completed
2020/21,Premier League,2020-10-04,Southampton,West Brom,2,0,Completed
2020/21,Premier League,2020-10-04,Wolves,Fulham,1,0,Completed
2020/21,Premier League,2020-10-17,Chelsea,Southampton,3,3,Completed
2020/21,Premier League,2020-10-17,Everton,Liverpool,2,2,Completed
2020/21,Premier League,2020-10-17,Manchester City,Arsenal,1,0,Completed
2020/21,Premier League,2020-10-17,Newcastle,Manchester Utd,1,4,Completed
2020/21,Premier League,2020-10-18,Crystal Palace,Brighton,1,1,Completed
2020/21,Premier League,2020-10-18,Leicester City,Aston Villa,0,1,Completed
2020/21,Premier League,2020-10-18,Sheffield United,Fulham,1,1,Completed
2020/21,Premier League,2020-10-18,Tottenham,West Ham,3,3,Completed
2020/21,Premier League,2020-10-19,Leeds United,Wolves,0,1,Completed
2020/21,Premier League,2020-10-19,West Brom,Burnley,0,0,Completed
2020/21,Premier League,2020-10-23,Aston Villa,Leeds United,0,3,Completed
2020/21,Premier League,2020-10-24,Fulham,Crystal Palace,1,2,Completed
2020/21,Premier League,2020-10-24,Liverpool,Sheffield United,2,1,Completed
2020/21,Premier League,2020-10-24,Manchester Utd,Chelsea,0,0,Completed
2020/21,Premier League,2020-10-24,West Ham,Manchester City,1,1,Completed
2020/21,Premier League,2020-10-25,Arsenal,Leicester City,0,1,Completed
2020/21,Premier League,2020-10-25,Southampton,Everton,2,0,Completed
2020/21,Premier League,2020-10-25,Wolves,Newcastle,1,1,Completed
2020/21,Premier League,2020-10-26,Brighton,West Brom,1,1,Completed
2020/21,Premier League,2020-10-26,Burnley,Tottenham,0,1,Completed
2020/21,Premier League,2020-10-30,Wolves,Crystal Palace,2,0,Completed
2020/21,Premier League,2020-10-31,Burnley,Chelsea,0,3,Completed
2020/21,Premier League,2020-10-31,Liverpool,West Ham,2,1,Completed
2020/21,Premier League,2020-10-31,Sheffield United,Manchester City,0,1,Completed
2020/21,Premier League,2020-11-01,Aston Villa,Southampton,3,4,Completed
2020/21,Premier League,2020-11-01,Manchester Utd,Arsenal,0,1,Completed
2020/21,Premier League,2020-11-01,Newcastle,Everton,2,1,Completed
2020/21,Premier League,2020-11-01,Tottenham,Brighton,2,1,Completed
2020/21,Premier League,2020-11-02,Fulham,West Brom,2,0,Completed
2020/21,Premier League,2020-11-02,Leeds United,Leicester City,1,4,Completed
2020/21,Premier League,2020-11-06,Brighton,Burnley,0,0,Completed
2020/21,Premier League,2020-11-06,Southampton,Newcastle,2,0,Completed
2020/21,Premier League,2020-11-07,Chelsea,Sheffield United,4,1,Completed
2020/21,Premier League,2020-11-07,Crystal Palace,Leeds United,4,1,Completed
2020/21,Premier League,2020-11-07,Everton,Manchester Utd,1,3,Completed
2020/21,Premier League,2020-11-07,West Ham,Fulham,1,0,Completed
2020/21,Premier League,2020-11-08,Arsenal,Aston Villa,0,3,Completed
2020/21,Premier League,2020-11-08,Leicester City,Wolves,1,0,Completed
2020/21,Premier League,2020-11-08,Manchester City,Liverpool,1,1,Completed
2020/21,Premier League,2020-11-08,West Brom,Tottenham,0,1,Completed
2020/21,Premier League,2020-11-21,Aston Villa,Brighton,1,2,Completed
2020/21,Premier League,2020-11-21,Manchester Utd,West Brom,1,0,Completed
2020/21,Premier League,2020-11-21,Newcastle,Chelsea,0,2,Completed
2020/21,Premier League,2020-11-21,Tottenham,Manchester City,2,0,Completed
2020/21,Premier League,2020-11-22,Fulham,Everton,2,3,Completed
2020/21,Premier League,2020-11-22,Leeds United,Arsenal,0,0,Completed
2020/21,Premier League,2020-11-22,Liverpool,Leicester City,3,0,Completed
2020/21,Premier League,2020-11-22,Sheffield United,West Ham,0,1,Completed
2020/21,Premier League,2020-11-23,Burnley,Crystal Palace,1,0,Completed
2020/21,Premier League,2020-11-23,Wolves,Southampton,1,1,Completed
2020/21,Premier League,2020-11-27,Crystal Palace,Newcastle,0,2,Completed
2020/21,Premier League,2020-11-28,Brighton,Liverpool,1,1,Completed
2020/21,Premier League,2020-11-28,Everton,Leeds United,0,1,Completed
2020/21,Premier League,2020-11-28,Manchester City,Burnley,5,0,Completed
2020/21,Premier League,2020-11-28,West Brom,Sheffield United,1,0,Completed
2020/21,Premier League,2020-11-29,Arsenal,Wolves,1,2,Completed
2020/21,Premier League,2020-11-29,Chelsea,Tottenham,0,0,Completed
2020/21,Premier League,2020-11-29,Southampton,Manchester Utd,2,3,Completed
2020/21,Premier League,2020-11-30,Leicester City,Fulham,1,2,Completed
2020/21,Premier League,2020-11-30,West Ham,Aston Villa,2,1,Completed
2020/21,Premier League,2020-12-05,Burnley,Everton,1,1,Completed
2020/21,Premier League,2020-12-05,Chelsea,Leeds United,3,1,Completed
2020/21,Premier League,2020-12-05,Manchester City,Fulham,2,0,Completed
2020/21,Premier League,2020-12-05,West Ham,Manchester Utd,1,3,Completed
2020/21,Premier League,2020-12-06,Liverpool,Wolves,4,0,Completed
2020/21,Premier League,2020-12-06,Sheffield United,Leicester City,1,2,Completed
2020/21,Premier League,2020-12-06,Tottenham,Arsenal,2,0,Completed
2020/21,Premier League,2020-12-06,West Brom,Crystal Palace,1,5,Completed
2020/21,Premier League,2020-12-07,Brighton,Southampton,1,2,Completed
2020/21,Premier League,2020-12-11,Leeds United,West Ham,1,2,Completed
2020/21,Premier League,2020-12-12,Everton,Chelsea,1,0,Completed
2020/21,Premier League,2020-12-12,Manchester Utd,Manchester City,0,0,Completed
2020/21,Premier League,2020-12-12,Newcastle,West Brom,2,1,Completed
2020/21,Premier League,2020-12-12,Wolves,Aston Villa,0,1,Completed
2020/21,Premier League,2020-12-13,Arsenal,Burnley,0,1,Completed
2020/21,Premier League,2020-12-13,Crystal Palace,Tottenham,1,1,Completed
2020/21,Premier League,2020-12-13,Fulham,Liverpool,1,1,Completed
2020/21,Premier League,2020-12-13,Leicester City,Brighton,3,0,Completed
2020/21,Premier League,2020-12-13,Southampton,Sheffield United,3,0,Completed
2020/21,Premier League,2020-12-15,Manchester City,West Brom,1,1,Completed
2020/21,Premier League,2020-12-15,Wolves,Chelsea,2,1,Completed
2020/21,Premier League,2020-12-16,Arsenal,Southampton,1,1,Completed
2020/21,Premier League,2020-12-16,Fulham,Brighton,0,0,Completed
2020/21,Premier League,2020-12-16,Leeds United,Newcastle,5,2,Completed
2020/21,Premier League,2020-12-16,Leicester City,Everton,0,2,Completed
2020/21,Premier League,2020-12-16,Liverpool,Tottenham,2,1,Completed
2020/21,Premier League,2020-12-16,West Ham,Crystal Palace,1,1,Completed
2020/21,Premier League,2020-12-17,Aston Villa,Burnley,0,0,Completed
2020/21,Premier League,2020-12-17,Sheffield United,Manchester Utd,2,3,Completed
2020/21,Premier League,2020-12-19,Crystal Palace,Liverpool,0,7,Completed
2020/21,Premier League,2020-12-19,Everton,Arsenal,2,1,Completed
2020/21,Premier League,2020-12-19,Newcastle,Fulham,1,1,Completed
2020/21,Premier League,2020-12-19,Southampton,Manchester City,0,1,Completed
2020/21,Premier League,2020-12-20,Brighton,Sheffield United,1,1,Completed
2020/21,Premier League,2020-12-20,Manchester Utd,Leeds United,6,2,Completed
2020/21,Premier League,2020-12-20,Tottenham,Leicester City,0,2,Completed
2020/21,Premier League,2020-12-20,West Brom,Aston Villa,0,3,Completed
2020/21,Premier League,2020-12-21,Burnley,Wolves,2,1,Completed
2020/21,Premier League,2020-12-21,Chelsea,West Ham,3,0,Completed
2020/21,Premier League,2020-12-26,Arsenal,Chelsea,3,1,Completed
2020/21,Premier League,2020-12-26,Aston Villa,Crystal Palace,3,0,Completed
2020/21,Premier League,2020-12-26,Fulham,Southampton,0,0,Completed
2020/21,Premier League,2020-12-26,Leicester City,Manchester Utd,2,2,Completed
2020/21,Premier League,2020-12-26,Manchester City,Newcastle,2,0,Completed
2020/21,Premier League,2020-12-26,Sheffield United,Everton,0,1,Completed
2020/21,Premier League,2020-12-27,Leeds United,Burnley,1,0,Completed
2020/21,Premier League,2020-12-27,Liverpool,West Brom,1,1,Completed
2020/21,Premier League,2020-12-27,West Ham,Brighton,2,2,Completed
2020/21,Premier League,2020-12-27,Wolves,Tottenham,1,1,Completed
2020/21,Premier League,2020-12-28,Chelsea,Aston Villa,1,1,Completed
2020/21,Premier League,2020-12-28,Crystal Palace,Leicester City,1,1,Completed
2020/21,Premier League,2020-12-29,Brighton,Arsenal,0,1,Completed
2020/21,Premier League,2020-12-29,Burnley,Sheffield United,1,0,Completed
2020/21,Premier League,2020-12-29,Manchester Utd,Wolves,1,0,Completed
2020/21,Premier League,2020-12-29,Southampton,West Ham,0,0,Completed
2020/21,Premier League,2020-12-29,West Brom,Leeds United,0,5,Completed
2020/21,Premier League,2020-12-30,Newcastle,Liverpool,0,0,Completed
2020/21,Premier League,2021-01-01,Everton,West Ham,0,1,Completed
2020/21,Premier League,2021-01-01,Manchester Utd,Aston Villa,2,1,Completed
2020/21,Premier League,2021-01-02,Brighton,Wolves,3,3,Completed
2020/21,Premier League,2021-01-02,Crystal Palace,Sheffield United,2,0,Completed
2020/21,Premier League,2021-01-02,Tottenham,Leeds United,3,0,Completed
2020/21,Premier League,2021-01-02,West Brom,Arsenal,0,4,Completed
2020/21,Premier League,2021-01-03,Chelsea,Manchester City,1,3,Completed
2020/21,Premier League,2021-01-03,Newcastle,Leicester City,1,2,Completed
2020/21,Premier League,2021-01-04,Southampton,Liverpool,1,0,Completed
2020/21,Premier League,2021-01-12,Burnley,Manchester Utd,0,1,Completed
2020/21,Premier League,2021-01-12,Sheffield United,Newcastle,1,0,Completed
2020/21,Premier League,2021-01-12,Wolves,Everton,1,2,Completed
2020/21,Premier League,2021-01-13,Manchester City,Brighton,1,0,Completed
2020/21,Premier League,2021-01-13,Tottenham,Fulham,1,1,Completed
2020/21,Premier League,2021-01-14,Arsenal,Crystal Palace,0,0,Completed
2020/21,Premier League,2021-01-16,Fulham,Chelsea,0,1,Completed
2020/21,Premier League,2021-01-16,Leeds United,Brighton,0,1,Completed
2020/21,Premier League,2021-01-16,Leicester City,Southampton,2,0,Completed
2020/21,Premier League,2021-01-16,West Ham,Burnley,1,0,Completed
2020/21,Premier League,2021-01-16,Wolves,West Brom,2,3,Completed
2020/21,Premier League,2021-01-17,Liverpool,Manchester Utd,0,0,Completed
2020/21,Premier League,2021-01-17,Manchester City,Crystal Palace,4,0,Completed
2020/21,Premier League,2021-01-17,Sheffield United,Tottenham,1,3,Completed
2020/21,Premier League,2021-01-18,Arsenal,Newcastle,3,0,Completed
2020/21,Premier League,2021-01-19,Leicester City,Chelsea,2,0,Completed
2020/21,Premier League,2021-01-19,West Ham,West Brom,2,1,Completed
2020/21,Premier League,2021-01-20,Fulham,Manchester Utd,1,2,Completed
2020/21,Premier League,2021-01-20,Manchester City,Aston Villa,2,0,Completed
2020/21,Premier League,2021-01-21,Liverpool,Burnley,0,1,Completed
2020/21,Premier League,2021-01-23,Aston Villa,Newcastle,2,0,Completed
2020/21,Premier League,2021-01-26,Crystal Palace,West Ham,2,3,Completed
2020/21,Premier League,2021-01-26,Newcastle,Leeds United,1,2,Completed
2020/21,Premier League,2021-01-26,Southampton,Arsenal,1,3,Completed
2020/21,Premier League,2021-01-26,West Brom,Manchester City,0,5,Completed
2020/21,Premier League,2021-01-27,Brighton,Fulham,0,0,Completed
2020/21,Premier League,2021-01-27,Burnley,Aston Villa,3,2,Completed
2020/21,Premier League,2021-01-27,Chelsea,Wolves,0,0,Completed
2020/21,Premier League,2021-01-27,Everton,Leicester City,1,1,Completed
2020/21,Premier League,2021-01-27,Manchester Utd,Sheffield United,1,2,Completed
2020/21,Premier League,2021-01-28,Tottenham,Liverpool,1,3,Completed
2020/21,Premier League,2021-01-30,Arsenal,Manchester Utd,0,0,Completed
2020/21,Premier League,2021-01-30,Crystal Palace,Wolves,1,0,Completed
2020/21,Premier League,2021-01-30,Everton,Newcastle,0,2,Completed
2020/21,Premier League,2021-01-30,Manchester City,Sheffield United,1,0,Completed
2020/21,Premier League,2021-01-30,Southampton,Aston Villa,0,1,Completed
2020/21,Premier League,2021-01-30,West Brom,Fulham,2,2,Completed
2020/21,Premier League,2021-01-31,Brighton,Tottenham,1,0,Completed
2020/21,Premier League,2021-01-31,Chelsea,Burnley,2,0,Completed
2020/21,Premier League,2021-01-31,Leicester City,Leeds United,1,3,Completed
2020/21,Premier League,2021-01-31,West Ham,Liverpool,1,3,Completed
2020/21,Premier League,2021-02-02,Manchester Utd,Southampton,9,0,Completed
2020/21,Premier League,2021-02-02,Newcastle,Crystal Palace,1,2,Completed
2020/21,Premier League,2021-02-02,Sheffield United,West Brom,2,1,Completed
2020/21,Premier League,2021-02-02,Wolves,Arsenal,2,1,Completed
2020/21,Premier League,2021-02-03,Aston Villa,West Ham,1,3,Completed
2020/21,Premier League,2021-02-03,Burnley,Manchester City,0,2,Completed
2020/21,Premier League,2021-02-03,Fulham,Leicester City,0,2,Completed
2020/21,Premier League,2021-02-03,Leeds United,Everton,1,2,Completed
2020/21,Premier League,2021-02-03,Liverpool,Brighton,0,1,Completed
2020/21,Premier League,2021-02-04,Tottenham,Chelsea,0,1,Completed
2020/21,Premier League,2021-02-06,Aston Villa,Arsenal,1,0,Completed
2020/21,Premier League,2021-02-06,Burnley,Brighton,1,1,Completed
2020/21,Premier League,2021-02-06,Fulham,West Ham,0,0,Completed
2020/21,Premier League,2021-02-06,Manchester Utd,Everton,3,3,Completed
2020/21,Premier League,2021-02-06,Newcastle,Southampton,3,2,Completed
2020/21,Premier League,2021-02-07,Liverpool,Manchester City,1,4,Completed
2020/21,Premier League,2021-02-07,Sheffield United,Chelsea,1,2,Completed
2020/21,Premier League,2021-02-07,Tottenham,West Brom,2,0,Completed
2020/21,Premier League,2021-02-07,Wolves,Leicester City,0,0,Completed
2020/21,Premier League,2021-02-08,Leeds United,Crystal Palace,2,0,Completed
2020/21,Premier League,2021-02-13,Brighton,Aston Villa,0,0,Completed
2020/21,Premier League,2021-02-13,Crystal Palace,Burnley,0,3,Completed
2020/21,Premier League,2021-02-13,Leicester City,Liverpool,3,1,Completed
2020/21,Premier League,2021-02-13,Manchester City,Tottenham,3,0,Completed
2020/21,Premier League,2021-02-14,Arsenal,Leeds United,4,2,Completed
2020/21,Premier League,2021-02-14,Everton,Fulham,0,2,Completed
2020/21,Premier League,2021-02-14,Southampton,Wolves,1,2,Completed
2020/21,Premier League,2021-02-14,West Brom,Manchester Utd,1,1,Completed
2020/21,Premier League,2021-02-15,Chelsea,Newcastle,2,0,Completed
2020/21,Premier League,2021-02-15,West Ham,Sheffield United,3,0,Completed
2020/21,Premier League,2021-02-17,Burnley,Fulham,1,1,Completed
2020/21,Premier League,2021-02-17,Everton,Manchester City,1,3,Completed
2020/21,Premier League,2021-02-19,Wolves,Leeds United,1,0,Completed
2020/21,Premier League,2021-02-20,Burnley,West Brom,0,0,Completed
2020/21,Premier League,2021-02-20,Fulham,Sheffield United,1,0,Completed
2020/21,Premier League,2021-02-20,Liverpool,Everton,0,2,Completed
2020/21,Premier League,2021-02-20,Southampton,Chelsea,1,1,Completed
2020/21,Premier League,2021-02-21,Arsenal,Manchester City,0,1,Completed
2020/21,Premier League,2021-02-21,Aston Villa,Leicester City,1,2,Completed
2020/21,Premier League,2021-02-21,Manchester Utd,Newcastle,3,1,Completed
2020/21,Premier League,2021-02-21,West Ham,Tottenham,2,1,Completed
2020/21,Premier League,2021-02-22,Brighton,Crystal Palace,1,2,Completed
2020/21,Premier League,2021-02-23,Leeds United,Southampton,3,0,Completed
2020/21,Premier League,2021-02-27,Leeds United,Aston Villa,0,1,Completed
2020/21,Premier League,2021-02-27,Manchester City,West Ham,2,1,Completed
2020/21,Premier League,2021-02-27,Newcastle,Wolves,1,1,Completed
2020/21,Premier League,2021-02-27,West Brom,Brighton,1,0,Completed
2020/21,Premier League,2021-02-28,Chelsea,Manchester Utd,0,0,Completed
2020/21,Premier League,2021-02-28,Crystal Palace,Fulham,0,0,Completed
2020/21,Premier League,2021-02-28,Leicester City,Arsenal,1,3,Completed
2020/21,Premier League,2021-02-28,Sheffield United,Liverpool,0,2,Completed
2020/21,Premier League,2021-02-28,Tottenham,Burnley,4,0,Completed
2020/21,Premier League,2021-03-01,Everton,Southampton,1,0,Completed
2020/21,Premier League,2021-03-02,Manchester City,Wolves,4,1,Completed
2020/21,Premier League,2021-03-03,Burnley,Leicester City,1,1,Completed
2020/21,Premier League,2021-03-03,Crystal Palace,Manchester Utd,0,0,Completed
2020/21,Premier League,2021-03-03,Sheffield United,Aston Villa,1,0,Completed
2020/21,Premier League,2021-03-04,Fulham,Tottenham,0,1,Completed
2020/21,Premier League,2021-03-04,Liverpool,Chelsea,0,1,Completed
2020/21,Premier League,2021-03-04,West Brom,Everton,0,1,Completed
2020/21,Premier League,2021-03-06,Aston Villa,Wolves,0,0,Completed
2020/21,Premier League,2021-03-06,Brighton,Leicester City,1,2,Completed
2020/21,Premier League,2021-03-06,Burnley,Arsenal,1,1,Completed
2020/21,Premier League,2021-03-06,Sheffield United,Southampton,0,2,Completed
2020/21,Premier League,2021-03-07,Liverpool,Fulham,0,1,Completed
2020/21,Premier League,2021-03-07,Manchester City,Manchester Utd,0,2,Completed
2020/21,Premier League,2021-03-07,Tottenham,Crystal Palace,4,1,Completed
2020/21,Premier League,2021-03-07,West Brom,Newcastle,0,0,Completed
2020/21,Premier League,2021-03-08,Chelsea,Everton,2,0,Completed
2020/21,Premier League,2021-03-08,West Ham,Leeds United,2,0,Completed
2020/21,Premier League,2021-03-10,Manchester City,Southampton,5,2,Completed
2020/21,Premier League,2021-03-12,Newcastle,Aston Villa,1,1,Completed
2020/21,Premier League,2021-03-13,Crystal Palace,West Brom,1,0,Completed
2020/21,Premier League,2021-03-13,Everton,Burnley,1,2,Completed
2020/21,Premier League,2021-03-13,Fulham,Manchester City,0,3,Completed
2020/21,Premier League,2021-03-13,Leeds United,Chelsea,0,0,Completed
2020/21,Premier League,2021-03-14,Arsenal,Tottenham,2,1,Completed
2020/21,Premier League,2021-03-14,Leicester City,Sheffield United,5,0,Completed
2020/21,Premier League,2021-03-14,Manchester Utd,West Ham,1,0,Completed
2020/21,Premier League,2021-03-14,Southampton,Brighton,1,2,Completed
2020/21,Premier League,2021-03-15,Wolves,Liverpool,0,1,Completed
2020/21,Premier League,2021-03-19,Fulham,Leeds United,1,2,Completed
2020/21,Premier League,2021-03-20,Brighton,Newcastle,3,0,Completed
2020/21,Premier League,2021-03-21,Aston Villa,Tottenham,0,2,Completed
2020/21,Premier League,2021-03-21,West Ham,Arsenal,3,3,Completed
2020/21,Premier League,2021-04-03,Arsenal,Liverpool,0,3,Completed
2020/21,Premier League,2021-04-03,Chelsea,West Brom,2,5,Completed
2020/21,Premier League,2021-04-03,Leeds United,Sheffield United,2,1,Completed
2020/21,Premier League,2021-04-03,Leicester City,Manchester City,0,2,Completed
2020/21,Premier League,2021-04-04,Aston Villa,Fulham,3,1,Completed
2020/21,Premier League,2021-04-04,Manchester Utd,Brighton,2,1,Completed
2020/21,Premier League,2021-04-04,Newcastle,Tottenham,2,2,Completed
2020/21,Premier League,2021-04-04,Southampton,Burnley,3,2,Completed
2020/21,Premier League,2021-04-05,Everton,Crystal Palace,1,1,Completed
2020/21,Premier League,2021-04-05,Wolves,West Ham,2,3,Completed
2020/21,Premier League,2021-04-09,Fulham,Wolves,0,1,Completed
2020/21,Premier League,2021-04-10,Crystal Palace,Chelsea,1,4,Completed
2020/21,Premier League,2021-04-10,Liverpool,Aston Villa,2,1,Completed
2020/21,Premier League,2021-04-10,Manchester City,Leeds United,1,2,Completed
2020/21,Premier League,2021-04-11,Burnley,Newcastle,1,2,Completed
2020/21,Premier League,2021-04-11,Sheffield United,Arsenal,0,3,Completed
2020/21,Premier League,2021-04-11,Tottenham,Manchester Utd,1,3,Completed
2020/21,Premier League,2021-04-11,West Ham,Leicester City,3,2,Completed
2020/21,Premier League,2021-04-12,Brighton,Everton,0,0,Completed
2020/21,Premier League,2021-04-12,West Brom,Southampton,3,0,Completed
2020/21,Premier League,2021-04-16,Everton,Tottenham,2,2,Completed
2020/21,Premier League,2021-04-17,Newcastle,West Ham,3,2,Completed
2020/21,Premier League,2021-04-17,Wolves,Sheffield United,1,0,Completed
2020/21,Premier League,2021-04-18,Arsenal,Fulham,1,1,Completed
2020/21,Premier League,2021-04-18,Manchester Utd,Burnley,3,1,Completed
2020/21,Premier League,2021-04-19,Leeds United,Liverpool,1,1,Completed
2020/21,Premier League,2021-04-20,Chelsea,Brighton,0,0,Completed
2020/21,Premier League,2021-04-21,Aston Villa,Manchester City,1,2,Completed
2020/21,Premier League,2021-04-21,Tottenham,Southampton,2,1,Completed
2020/21,Premier League,2021-04-22,Leicester City,West Brom,3,0,Completed
2020/21,Premier League,2021-04-23,Arsenal,Everton,0,1,Completed
2020/21,Premier League,2021-04-24,Liverpool,Newcastle,1,1,Completed
2020/21,Premier League,2021-04-24,Sheffield United,Brighton,1,0,Completed
2020/21,Premier League,2021-04-24,West Ham,Chelsea,0,1,Completed
2020/21,Premier League,2021-04-25,Aston Villa,West Brom,2,2,Completed
2020/21,Premier League,2021-04-25,Leeds United,Manchester Utd,0,0,Completed
2020/21,Premier League,2021-04-25,Wolves,Burnley,0,4,Completed
2020/21,Premier League,2021-04-26,Leicester City,Crystal Palace,2,1,Completed
2020/21,Premier League,2021-04-30,Southampton,Leicester City,1,1,Completed
2020/21,Premier League,2021-05-01,Brighton,Leeds United,2,0,Completed
2020/21,Premier League,2021-05-01,Chelsea,Fulham,2,0,Completed
2020/21,Premier League,2021-05-01,Crystal Palace,Manchester City,0,2,Completed
2020/21,Premier League,2021-05-01,Everton,Aston Villa,1,2,Completed
2020/21,Premier League,2021-05-02,Newcastle,Arsenal,0,2,Completed
2020/21,Premier League,2021-05-02,Tottenham,Sheffield United,4,0,Completed
2020/21,Premier League,2021-05-03,Burnley,West Ham,1,2,Completed
2020/21,Premier League,2021-05-03,West Brom,Wolves,1,1,Completed
2020/21,Premier League,2021-05-07,Leicester City,Newcastle,2,4,Completed
2020/21,Premier League,2021-05-08,Leeds United,Tottenham,3,1,Completed
2020/21,Premier League,2021-05-08,Liverpool,Southampton,2,0,Completed
2020/21,Premier League,2021-05-08,Manchester City,Chelsea,1,2,Completed
2020/21,Premier League,2021-05-08,Sheffield United,Crystal Palace,0,2,Completed
2020/21,Premier League,2021-05-09,Arsenal,West Brom,3,1,Completed
2020/21,Premier League,2021-05-09,Aston Villa,Manchester Utd,1,3,Completed
2020/21,Premier League,2021-05-09,West Ham,Everton,0,1,Completed
2020/21,Premier League,2021-05-09,Wolves,Brighton,2,1,Completed
2020/21,Premier League,2021-05-10,Fulham,Burnley,0,2,Completed
2020/21,Premier League,2021-05-11,Manchester Utd,Leicester City,1,2,Completed
2020/21,Premier League,2021-05-11,Southampton,Crystal Palace,3,1,Completed
2020/21,Premier League,2021-05-12,Chelsea,Arsenal,0,1,Completed
2020/21,Premier League,2021-05-13,Aston Villa,Everton,0,0,Completed
2020/21,Premier League,2021-05-13,Manchester Utd,Liverpool,2,4,Completed
2020/21,Premier League,2021-05-14,Newcastle,Manchester City,3,4,Completed
2020/21,Premier League,2021-05-15,Brighton,West Ham,1,1,Completed
2020/21,Premier League,2021-05-15,Burnley,Leeds United,0,4,Completed
2020/21,Premier League,2021-05-15,Southampton,Fulham,3,1,Completed
2020/21,Premier League,2021-05-16,Crystal Palace,Aston Villa,3,2,Completed
2020/21,Premier League,2021-05-16,Everton,Sheffield United,0,1,Completed
2020/21,Premier League,2021-05-16,Tottenham,Wolves,2,0,Completed
2020/21,Premier League,2021-05-16,West Brom,Liverpool,1,2,Completed
2020/21,Premier League,2021-05-18,Brighton,Manchester City,3,2,Completed
2020/21,Premier League,2021-05-18,Chelsea,Leicester City,2,1,Completed
2020/21,Premier League,2021-05-18,Manchester Utd,Fulham,1,1,Completed
2020/21,Premier League,2021-05-18,Southampton,Leeds United,0,2,Completed
2020/21,Premier League,2021-05-19,Burnley,Liverpool,0,3,Completed
2020/21,Premier League,2021-05-19,Crystal Palace,Arsenal,1,3,Completed
2020/21,Premier League,2021-05-19,Everton,Wolves,1,0,Completed
2020/21,Premier League,2021-05-19,Newcastle,Sheffield United,1,0,Completed
2020/21,Premier League,2021-05-19,Tottenham,Aston Villa,1,2,Completed
2020/21,Premier League,2021-05-19,West Brom,West Ham,1,3,Completed
2020/21,Premier League,2021-05-23,Arsenal,Brighton,2,0,Completed
2020/21,Premier League,2021-05-23,Aston Villa,Chelsea,2,1,Completed
2020/21,Premier League,2021-05-23,Fulham,Newcastle,0,2,Completed
2020/21,Premier League,2021-05-23,Leeds United,West Brom,3,1,Completed
2020/21,Premier League,2021-05-23,Leicester City,Tottenham,2,4,Completed
2020/21,Premier League,2021-05-23,Liverpool,Crystal Palace,2,0,Completed
2020/21,Premier League,2021-05-23,Manchester City,Everton,5,0,Completed
2020/21,Premier League,2021-05-23,Sheffield United,Burnley,1,0,Completed
2020/21,Premier League,2021-05-23,West Ham,Southampton,3,0,Completed
2020/21,Premier League,2021-05-23,Wolves,Manchester Utd,1,2,Completed
2021/22,Premier League,2021-08-13,Brentford,Arsenal,2,0,Completed
2021/22,Premier League,2021-08-14,Burnley,Brighton,1,2,Completed
2021/22,Premier League,2021-08-14,Chelsea,Crystal Palace,3,0,Completed
2021/22,Premier League,2021-08-14,Everton,Southampton,3,1,Completed
2021/22,Premier League,2021-08-14,Leicester City,Wolves,1,0,Completed
2021/22,Premier League,2021-08-14,Manchester Utd,Leeds United,5,1,Completed
2021/22,Premier League,2021-08-14,Norwich City,Liverpool,0,3,Completed
2021/22,Premier League,2021-08-14,Watford,Aston Villa,3,2,Completed
2021/22,Premier League,2021-08-15,Newcastle,West Ham,2,4,Completed
2021/22,Premier League,2021-08-15,Tottenham,Manchester City,1,0,Completed
2021/22,Premier League,2021-08-21,Aston Villa,Newcastle,2,0,Completed
2021/22,Premier League,2021-08-21,Brighton,Watford,2,0,Completed
2021/22,Premier League,2021-08-21,Crystal Palace,Brentford,0,0,Completed
2021/22,Premier League,2021-08-21,Leeds United,Everton,2,2,Completed
2021/22,Premier League,2021-08-21,Liverpool,Burnley,2,0,Completed
2021/22,Premier League,2021-08-21,Manchester City,Norwich City,5,0,Completed
2021/22,Premier League,2021-08-22,Arsenal,Chelsea,0,2,Completed
2021/22,Premier League,2021-08-22,Southampton,Manchester Utd,1,1,Completed
2021/22,Premier League,2021-08-22,Wolves,Tottenham,0,1,Completed
2021/22,Premier League,2021-08-23,West Ham,Leicester City,4,1,Completed
2021/22,Premier League,2021-08-28,Aston Villa,Brentford,1,1,Completed
2021/22,Premier League,2021-08-28,Brighton,Everton,0,2,Completed
2021/22,Premier League,2021-08-28,Liverpool,Chelsea,1,1,Completed
2021/22,Premier League,2021-08-28,Manchester City,Arsenal,5,0,Completed
2021/22,Premier League,2021-08-28,Newcastle,Southampton,2,2,Completed
2021/22,Premier League,2021-08-28,Norwich City,Leicester City,1,2,Completed
2021/22,Premier League,2021-08-28,West Ham,Crystal Palace,2,2,Completed
2021/22,Premier League,2021-08-29,Burnley,Leeds United,1,1,Completed
2021/22,Premier League,2021-08-29,Tottenham,Watford,1,0,Completed
2021/22,Premier League,2021-08-29,Wolves,Manchester Utd,0,1,Completed
2021/22,Premier League,2021-09-11,Arsenal,Norwich City,1,0,Completed
2021/22,Premier League,2021-09-11,Brentford,Brighton,0,1,Completed
2021/22,Premier League,2021-09-11,Chelsea,Aston Villa,3,0,Completed
2021/22,Premier League,2021-09-11,Crystal Palace,Tottenham,3,0,Completed
2021/22,Premier League,2021-09-11,Leicester City,Manchester City,0,1,Completed
2021/22,Premier League,2021-09-11,Manchester Utd,Newcastle,4,1,Completed
2021/22,Premier League,2021-09-11,Southampton,West Ham,0,0,Completed
2021/22,Premier League,2021-09-11,Watford,Wolves,0,2,Completed
2021/22,Premier League,2021-09-12,Leeds United,Liverpool,0,3,Completed
2021/22,Premier League,2021-09-13,Everton,Burnley,3,1,Completed
2021/22,Premier League,2021-09-17,Newcastle,Leeds United,1,1,Completed
2021/22,Premier League,2021-09-18,Aston Villa,Everton,3,0,Completed
2021/22,Premier League,2021-09-18,Burnley,Arsenal,0,1,Completed
2021/22,Premier League,2021-09-18,Liverpool,Crystal Palace,3,0,Completed
2021/22,Premier League,2021-09-18,Manchester City,Southampton,0,0,Completed
2021/22,Premier League,2021-09-18,Norwich City,Watford,1,3,Completed
2021/22,Premier League,2021-09-18,Wolves,Brentford,0,2,Completed
2021/22,Premier League,2021-09-19,Brighton,Leicester City,2,1,Completed
2021/22,Premier League,2021-09-19,Tottenham,Chelsea,0,3,Completed
2021/22,Premier League,2021-09-19,West Ham,Manchester Utd,1,2,Completed
2021/22,Premier League,2021-09-25,Brentford,Liverpool,3,3,Completed
2021/22,Premier League,2021-09-25,Chelsea,Manchester City,0,1,Completed
2021/22,Premier League,2021-09-25,Everton,Norwich City,2,0,Completed
2021/22,Premier League,2021-09-25,Leeds United,West Ham,1,2,Completed
2021/22,Premier League,2021-09-25,Leicester City,Burnley,2,2,Completed
2021/22,Premier League,2021-09-25,Manchester Utd,Aston Villa,0,1,Completed
2021/22,Premier League,2021-09-25,Watford,Newcastle,1,1,Completed
2021/22,Premier League,2021-09-26,Arsenal,Tottenham,3,1,Completed
2021/22,Premier League,2021-09-26,Southampton,Wolves,0,1,Completed
2021/22,Premier League,2021-09-27,Crystal Palace,Brighton,1,1,Completed
2021/22,Premier League,2021-10-02,Brighton,Arsenal,0,0,Completed
2021/22,Premier League,2021-10-02,Burnley,Norwich City,0,0,Completed
2021/22,Premier League,2021-10-02,Chelsea,Southampton,3,1,Completed
2021/22,Premier League,2021-10-02,Leeds United,Watford,1,0,Completed
2021/22,Premier League,2021-10-02,Manchester Utd,Everton,1,1,Completed
2021/22,Premier League,2021-10-02,Wolves,Newcastle,2,1,Completed
2021/22,Premier League,2021-10-03,Crystal Palace,Leicester City,2,2,Completed
2021/22,Premier League,2021-10-03,Liverpool,Manchester City,2,2,Completed
2021/22,Premier League,2021-10-03,Tottenham,Aston Villa,2,1,Completed
2021/22,Premier League,2021-10-03,West Ham,Brentford,1,2,Completed
2021/22,Premier League,2021-10-16,Aston Villa,Wolves,2,3,Completed
2021/22,Premier League,2021-10-16,Brentford,Chelsea,0,1,Completed
2021/22,Premier League,2021-10-16,Leicester City,Manchester Utd,4,2,Completed
2021/22,Premier League,2021-10-16,Manchester City,Burnley,2,0,Completed
2021/22,Premier League,2021-10-16,Norwich City,Brighton,0,0,Completed
2021/22,Premier League,2021-10-16,Southampton,Leeds United,1,0,Completed
2021/22,Premier League,2021-10-16,Watford,Liverpool,0,5,Completed
2021/22,Premier League,2021-10-17,Everton,West Ham,0,1,Completed
2021/22,Premier League,2021-10-17,Newcastle,Tottenham,2,3,Completed
2021/22,Premier League,2021-10-18,Arsenal,Crystal Palace,2,2,Completed
2021/22,Premier League,2021-10-22,Arsenal,Aston Villa,3,1,Completed
2021/22,Premier League,2021-10-23,Brighton,Manchester City,1,4,Completed
2021/22,Premier League,2021-10-23,Chelsea,Norwich City,7,0,Completed
2021/22,Premier League,2021-10-23,Crystal Palace,Newcastle,1,1,Completed
2021/22,Premier League,2021-10-23,Everton,Watford,2,5,Completed
2021/22,Premier League,2021-10-23,Leeds United,Wolves,1,1,Completed
2021/22,Premier League,2021-10-23,Southampton,Burnley,2,2,Completed
2021/22,Premier League,2021-10-24,Brentford,Leicester City,1,2,Completed
2021/22,Premier League,2021-10-24,Manchester Utd,Liverpool,0,5,Completed
2021/22,Premier League,2021-10-24,West Ham,Tottenham,1,0,Completed
2021/22,Premier League,2021-10-30,Burnley,Brentford,3,1,Completed
2021/22,Premier League,2021-10-30,Leicester City,Arsenal,0,2,Completed
2021/22,Premier League,2021-10-30,Liverpool,Brighton,2,2,Completed
2021/22,Premier League,2021-10-30,Manchester City,Crystal Palace,0,2,Completed
2021/22,Premier League,2021-10-30,Newcastle,Chelsea,0,3,Completed
2021/22,Premier League,2021-10-30,Tottenham,Manchester Utd,0,3,Completed
2021/22,Premier League,2021-10-30,Watford,Southampton,0,1,Completed
2021/22,Premier League,2021-10-31,Aston Villa,West Ham,1,4,Completed
2021/22,Premier League,2021-10-31,Norwich City,Leeds United,1,2,Completed
2021/22,Premier League,2021-11-01,Wolves,Everton,2,1,Completed
2021/22,Premier League,2021-11-05,Southampton,Aston Villa,1,0,Completed
2021/22,Premier League,2021-11-06,Brentford,Norwich City,1,2,Completed
2021/22,Premier League,2021-11-06,Brighton,Newcastle,1,1,Completed
2021/22,Premier League,2021-11-06,Chelsea,Burnley,1,1,Completed
2021/22,Premier League,2021-11-06,Crystal Palace,Wolves,2,0,Completed
2021/22,Premier League,2021-11-06,Manchester Utd,Manchester City,0,2,Completed
2021/22,Premier League,2021-11-07,Arsenal,Watford,1,0,Completed
2021/22,Premier League,2021-11-07,Everton,Tottenham,0,0,Completed
2021/22,Premier League,2021-11-07,Leeds United,Leicester City,1,1,Completed
2021/22,Premier League,2021-11-07,West Ham,Liverpool,3,2,Completed
2021/22,Premier League,2021-11-20,Aston Villa,Brighton,2,0,Completed
2021/22,Premier League,2021-11-20,Burnley,Crystal Palace,3,3,Completed
2021/22,Premier League,2021-11-20,Leicester City,Chelsea,0,3,Completed
2021/22,Premier League,2021-11-20,Liverpool,Arsenal,4,0,Completed
2021/22,Premier League,2021-11-20,Newcastle,Brentford,3,3,Completed
2021/22,Premier League,2021-11-20,Norwich City,Southampton,2,1,Completed
2021/22,Premier League,2021-11-20,Watford,Manchester Utd,4,1,Completed
2021/22,Premier League,2021-11-20,Wolves,West Ham,1,0,Completed
2021/22,Premier League,2021-11-21,Manchester City,Everton,3,0,Completed
2021/22,Premier League,2021-11-21,Tottenham,Leeds United,2,1,Completed
2021/22,Premier League,2021-11-27,Arsenal,Newcastle,2,0,Completed
2021/22,Premier League,2021-11-27,Brighton,Leeds United,0,0,Completed
2021/22,Premier League,2021-11-27,Crystal Palace,Aston Villa,1,2,Completed
2021/22,Premier League,2021-11-27,Liverpool,Southampton,4,0,Completed
2021/22,Premier League,2021-11-27,Norwich City,Wolves,0,0,Completed
2021/22,Premier League,2021-11-28,Brentford,Everton,1,0,Completed
2021/22,Premier League,2021-11-28,Chelsea,Manchester Utd,1,1,Completed
2021/22,Premier League,2021-11-28,Leicester City,Watford,4,2,Completed
2021/22,Premier League,2021-11-28,Manchester City,West Ham,2,1,Completed
2021/22,Premier League,2021-11-30,Leeds United,Crystal Palace,1,0,Completed
2021/22,Premier League,2021-11-30,Newcastle,Norwich City,1,1,Completed
2021/22,Premier League,2021-12-01,Aston Villa,Manchester City,1,2,Completed
2021/22,Premier League,2021-12-01,Everton,Liverpool,1,4,Completed
2021/22,Premier League,2021-12-01,Southampton,Leicester City,2,2,Completed
2021/22,Premier League,2021-12-01,Watford,Chelsea,1,2,Completed
2021/22,Premier League,2021-12-01,West Ham,Brighton,1,1,Completed
2021/22,Premier League,2021-12-01,Wolves,Burnley,0,0,Completed
2021/22,Premier League,2021-12-02,Manchester Utd,Arsenal,3,2,Completed
2021/22,Premier League,2021-12-02,Tottenham,Brentford,2,0,Completed
2021/22,Premier League,2021-12-04,Newcastle,Burnley,1,0,Completed
2021/22,Premier League,2021-12-04,Southampton,Brighton,1,1,Completed
2021/22,Premier League,2021-12-04,Watford,Manchester City,1,3,Completed
2021/22,Premier League,2021-12-04,West Ham,Chelsea,3,2,Completed
2021/22,Premier League,2021-12-04,Wolves,Liverpool,0,1,Completed
2021/22,Premier League,2021-12-05,Aston Villa,Leicester City,2,1,Completed
2021/22,Premier League,2021-12-05,Leeds United,Brentford,2,2,Completed
2021/22,Premier League,2021-12-05,Manchester Utd,Crystal Palace,1,0,Completed
2021/22,Premier League,2021-12-05,Tottenham,Norwich City,3,0,Completed
2021/22,Premier League,2021-12-06,Everton,Arsenal,2,1,Completed
2021/22,Premier League,2021-12-10,Brentford,Watford,2,1,Completed
2021/22,Premier League,2021-12-11,Arsenal,Southampton,3,0,Completed
2021/22,Premier League,2021-12-11,Chelsea,Leeds United,3,2,Completed
2021/22,Premier League,2021-12-11,Liverpool,Aston Villa,1,0,Completed
2021/22,Premier League,2021-12-11,Manchester City,Wolves,1,0,Completed
2021/22,Premier League,2021-12-11,Norwich City,Manchester Utd,0,1,Completed
2021/22,Premier League,2021-12-12,Burnley,West Ham,0,0,Completed
2021/22,Premier League,2021-12-12,Crystal Palace,Everton,3,1,Completed
2021/22,Premier League,2021-12-12,Leicester City,Newcastle,4,0,Completed
2021/22,Premier League,2021-12-14,Manchester City,Leeds United,7,0,Completed
2021/22,Premier League,2021-12-14,Norwich City,Aston Villa,0,2,Completed
2021/22,Premier League,2021-12-15,Arsenal,West Ham,2,0,Completed
2021/22,Premier League,2021-12-15,Brighton,Wolves,0,1,Completed
2021/22,Premier League,2021-12-15,Crystal Palace,Southampton,2,2,Completed
2021/22,Premier League,2021-12-16,Chelsea,Everton,1,1,Completed
2021/22,Premier League,2021-12-16,Liverpool,Newcastle,3,1,Completed
2021/22,Premier League,2021-12-18,Leeds United,Arsenal,1,4,Completed
2021/22,Premier League,2021-12-19,Newcastle,Manchester City,0,4,Completed
2021/22,Premier League,2021-12-19,Tottenham,Liverpool,2,2,Completed
2021/22,Premier League,2021-12-19,Wolves,Chelsea,0,0,Completed
2021/22,Premier League,2021-12-26,Aston Villa,Chelsea,1,3,Completed
2021/22,Premier League,2021-12-26,Brighton,Brentford,2,0,Completed
2021/22,Premier League,2021-12-26,Manchester City,Leicester City,6,3,Completed
2021/22,Premier League,2021-12-26,Norwich City,Arsenal,0,5,Completed
2021/22,Premier League,2021-12-26,Tottenham,Crystal Palace,3,0,Completed
2021/22,Premier League,2021-12-26,West Ham,Southampton,2,3,Completed
2021/22,Premier League,2021-12-27,Newcastle,Manchester Utd,1,1,Completed
2021/22,Premier League,2021-12-28,Crystal Palace,Norwich City,3,0,Completed
2021/22,Premier League,2021-12-28,Leicester City,Liverpool,1,0,Completed
2021/22,Premier League,2021-12-28,Southampton,Tottenham,1,1,Completed
2021/22,Premier League,2021-12-28,Watford,West Ham,1,4,Completed
2021/22,Premier League,2021-12-29,Brentford,Manchester City,0,1,Completed
2021/22,Premier League,2021-12-29,Chelsea,Brighton,1,1,Completed
2021/22,Premier League,2021-12-30,Manchester Utd,Burnley,3,1,Completed
2021/22,Premier League,2022-01-01,Arsenal,Manchester City,1,2,Completed
2021/22,Premier League,2022-01-01,Crystal Palace,West Ham,2,3,Completed
2021/22,Premier League,2022-01-01,Watford,Tottenham,0,1,Completed
2021/22,Premier League,2022-01-02,Brentford,Aston Villa,2,1,Completed
2021/22,Premier League,2022-01-02,Chelsea,Liverpool,2,2,Completed
2021/22,Premier League,2022-01-02,Everton,Brighton,2,3,Completed
2021/22,Premier League,2022-01-02,Leeds United,Burnley,3,1,Completed
2021/22,Premier League,2022-01-03,Manchester Utd,Wolves,0,1,Completed
2021/22,Premier League,2022-01-11,Southampton,Brentford,4,1,Completed
2021/22,Premier League,2022-01-12,West Ham,Norwich City,2,0,Completed
2021/22,Premier League,2022-01-14,Brighton,Crystal Palace,1,1,Completed
2021/22,Premier League,2022-01-15,Aston Villa,Manchester Utd,2,2,Completed
2021/22,Premier League,2022-01-15,Manchester City,Chelsea,1,0,Completed
2021/22,Premier League,2022-01-15,Newcastle,Watford,1,1,Completed
2021/22,Premier League,2022-01-15,Norwich City,Everton,2,1,Completed
2021/22,Premier League,2022-01-15,Wolves,Southampton,3,1,Completed
2021/22,Premier League,2022-01-16,Liverpool,Brentford,3,0,Completed
2021/22,Premier League,2022-01-16,West Ham,Leeds United,2,3,Completed
2021/22,Premier League,2022-01-18,Brighton,Chelsea,1,1,Completed
2021/22,Premier League,2022-01-19,Brentford,Manchester Utd,1,3,Completed
2021/22,Premier League,2022-01-19,Leicester City,Tottenham,2,3,Completed
2021/22,Premier League,2022-01-21,Watford,Norwich City,0,3,Completed
2021/22,Premier League,2022-01-22,Brentford,Wolves,1,2,Completed
2021/22,Premier League,2022-01-22,Everton,Aston Villa,0,1,Completed
2021/22,Premier League,2022-01-22,Leeds United,Newcastle,0,1,Completed
2021/22,Premier League,2022-01-22,Manchester Utd,West Ham,1,0,Completed
2021/22,Premier League,2022-01-22,Southampton,Manchester City,1,1,Completed
2021/22,Premier League,2022-01-23,Arsenal,Burnley,0,0,Completed
2021/22,Premier League,2022-01-23,Chelsea,Tottenham,2,0,Completed
2021/22,Premier League,2022-01-23,Crystal Palace,Liverpool,1,3,Completed
2021/22,Premier League,2022-01-23,Leicester City,Brighton,1,1,Completed
2021/22,Premier League,2022-02-05,Burnley,Watford,0,0,Completed
2021/22,Premier League,2022-02-08,Burnley,Manchester Utd,1,1,Completed
2021/22,Premier League,2022-02-08,Newcastle,Everton,3,1,Completed
2021/22,Premier League,2022-02-08,West Ham,Watford,1,0,Completed
2021/22,Premier League,2022-02-09,Aston Villa,Leeds United,3,3,Completed
2021/22,Premier League,2022-02-09,Manchester City,Brentford,2,0,Completed
2021/22,Premier League,2022-02-09,Norwich City,Crystal Palace,1,1,Completed
2021/22,Premier League,2022-02-09,Tottenham,Southampton,2,3,Completed
2021/22,Premier League,2022-02-10,Liverpool,Leicester City,2,0,Completed
2021/22,Premier League,2022-02-10,Wolves,Arsenal,0,1,Completed
2021/22,Premier League,2022-02-12,Brentford,Crystal Palace,0,0,Completed
2021/22,Premier League,2022-02-12,Everton,Leeds United,3,0,Completed
2021/22,Premier League,2022-02-12,Manchester Utd,Southampton,1,1,Completed
2021/22,Premier League,2022-02-12,Norwich City,Manchester City,0,4,Completed
2021/22,Premier League,2022-02-12,Watford,Brighton,0,2,Completed
2021/22,Premier League,2022-02-13,Burnley,Liverpool,0,1,Completed
2021/22,Premier League,2022-02-13,Leicester City,West Ham,2,2,Completed
2021/22,Premier League,2022-02-13,Newcastle,Aston Villa,1,0,Completed
2021/22,Premier League,2022-02-13,Tottenham,Wolves,0,2,Completed
2021/22,Premier League,2022-02-15,Manchester Utd,Brighton,2,0,Completed
2021/22,Premier League,2022-02-19,Arsenal,Brentford,2,1,Completed
2021/22,Premier League,2022-02-19,Aston Villa,Watford,0,1,Completed
2021/22,Premier League,2022-02-19,Brighton,Burnley,0,3,Completed
2021/22,Premier League,2022-02-19,Crystal Palace,Chelsea,0,1,Completed
2021/22,Premier League,2022-02-19,Liverpool,Norwich City,3,1,Completed
2021/22,Premier League,2022-02-19,Manchester City,Tottenham,2,3,Completed
2021/22,Premier League,2022-02-19,Southampton,Everton,2,0,Completed
2021/22,Premier League,2022-02-19,West Ham,Newcastle,1,1,Completed
2021/22,Premier League,2022-02-20,Leeds United,Manchester Utd,2,4,Completed
2021/22,Premier League,2022-02-20,Wolves,Leicester City,2,1,Completed
2021/22,Premier League,2022-02-23,Burnley,Tottenham,1,0,Completed
2021/22,Premier League,2022-02-23,Liverpool,Leeds United,6,0,Completed
2021/22,Premier League,2022-02-23,Watford,Crystal Palace,1,4,Completed
2021/22,Premier League,2022-02-24,Arsenal,Wolves,2,1,Completed
2021/22,Premier League,2022-02-25,Southampton,Norwich City,2,0,Completed
2021/22,Premier League,2022-02-26,Brentford,Newcastle,0,2,Completed
2021/22,Premier League,2022-02-26,Brighton,Aston Villa,0,2,Completed
2021/22,Premier League,2022-02-26,Crystal Palace,Burnley,1,1,Completed
2021/22,Premier League,2022-02-26,Everton,Manchester City,0,1,Completed
2021/22,Premier League,2022-02-26,Leeds United,Tottenham,0,4,Completed
2021/22,Premier League,2022-02-26,Manchester Utd,Watford,0,0,Completed
2021/22,Premier League,2022-02-27,West Ham,Wolves,1,0,Completed
2021/22,Premier League,2022-03-01,Burnley,Leicester City,0,2,Completed
2021/22,Premier League,2022-03-05,Aston Villa,Southampton,4,0,Completed
2021/22,Premier League,2022-03-05,Burnley,Chelsea,0,4,Completed
2021/22,Premier League,2022-03-05,Leicester City,Leeds United,1,0,Completed
2021/22,Premier League,2022-03-05,Liverpool,West Ham,1,0,Completed
2021/22,Premier League,2022-03-05,Newcastle,Brighton,2,1,Completed
2021/22,Premier League,2022-03-05,Norwich City,Brentford,1,3,Completed
2021/22,Premier League,2022-03-05,Wolves,Crystal Palace,0,2,Completed
2021/22,Premier League,2022-03-06,Manchester City,Manchester Utd,4,1,Completed
2021/22,Premier League,2022-03-06,Watford,Arsenal,2,3,Completed
2021/22,Premier League,2022-03-07,Tottenham,Everton,5,0,Completed
2021/22,Premier League,2022-03-10,Leeds United,Aston Villa,0,3,Completed
2021/22,Premier League,2022-03-10,Norwich City,Chelsea,1,3,Completed
2021/22,Premier League,2022-03-10,Southampton,Newcastle,1,2,Completed
2021/22,Premier League,2022-03-10,Wolves,Watford,4,0,Completed
2021/22,Premier League,2022-03-12,Brentford,Burnley,2,0,Completed
2021/22,Premier League,2022-03-12,Brighton,Liverpool,0,2,Completed
2021/22,Premier League,2022-03-12,Manchester Utd,Tottenham,3,2,Completed
2021/22,Premier League,2022-03-13,Arsenal,Leicester City,2,0,Completed
2021/22,Premier League,2022-03-13,Chelsea,Newcastle,1,0,Completed
2021/22,Premier League,2022-03-13,Everton,Wolves,0,1,Completed
2021/22,Premier League,2022-03-13,Leeds United,Norwich City,2,1,Completed
2021/22,Premier League,2022-03-13,Southampton,Watford,1,2,Completed
2021/22,Premier League,2022-03-13,West Ham,Aston Villa,2,1,Completed
2021/22,Premier League,2022-03-14,Crystal Palace,Manchester City,0,0,Completed
2021/22,Premier League,2022-03-16,Arsenal,Liverpool,0,2,Completed
2021/22,Premier League,2022-03-16,Brighton,Tottenham,0,2,Completed
2021/22,Premier League,2022-03-17,Everton,Newcastle,1,0,Completed
2021/22,Premier League,2022-03-18,Wolves,Leeds United,2,3,Completed
2021/22,Premier League,2022-03-19,Aston Villa,Arsenal,0,1,Completed
2021/22,Premier League,2022-03-20,Leicester City,Brentford,2,1,Completed
2021/22,Premier League,2022-03-20,Tottenham,West Ham,3,1,Completed
2021/22,Premier League,2022-04-02,Brighton,Norwich City,0,0,Completed
2021/22,Premier League,2022-04-02,Burnley,Manchester City,0,2,Completed
2021/22,Premier League,2022-04-02,Chelsea,Brentford,1,4,Completed
2021/22,Premier League,2022-04-02,Leeds United,Southampton,1,1,Completed
2021/22,Premier League,2022-04-02,Liverpool,Watford,2,0,Completed
2021/22,Premier League,2022-04-02,Manchester Utd,Leicester City,1,1,Completed
2021/22,Premier League,2022-04-02,Wolves,Aston Villa,2,1,Completed
2021/22,Premier League,2022-04-03,Tottenham,Newcastle,5,1,Completed
2021/22,Premier League,2022-04-03,West Ham,Everton,2,1,Completed
2021/22,Premier League,2022-04-04,Crystal Palace,Arsenal,3,0,Completed
2021/22,Premier League,2022-04-06,Burnley,Everton,3,2,Completed
2021/22,Premier League,2022-04-08,Newcastle,Wolves,1,0,Completed
2021/22,Premier League,2022-04-09,Arsenal,Brighton,1,2,Completed
2021/22,Premier League,2022-04-09,Aston Villa,Tottenham,0,4,Completed
2021/22,Premier League,2022-04-09,Everton,Manchester Utd,1,0,Completed
2021/22,Premier League,2022-04-09,Southampton,Chelsea,0,6,Completed
2021/22,Premier League,2022-04-09,Watford,Leeds United,0,3,Completed
2021/22,Premier League,2022-04-10,Brentford,West Ham,2,0,Completed
2021/22,Premier League,2022-04-10,Leicester City,Crystal Palace,2,1,Completed
2021/22,Premier League,2022-04-10,Manchester City,Liverpool,2,2,Completed
2021/22,Premier League,2022-04-10,Norwich City,Burnley,2,0,Completed
2021/22,Premier League,2022-04-16,Manchester Utd,Norwich City,3,2,Completed
2021/22,Premier League,2022-04-16,Southampton,Arsenal,1,0,Completed
2021/22,Premier League,2022-04-16,Tottenham,Brighton,0,1,Completed
2021/22,Premier League,2022-04-16,Watford,Brentford,1,2,Completed
2021/22,Premier League,2022-04-17,Newcastle,Leicester City,2,1,Completed
2021/22,Premier League,2022-04-17,West Ham,Burnley,1,1,Completed
2021/22,Premier League,2022-04-19,Liverpool,Manchester Utd,4,0,Completed
2021/22,Premier League,2022-04-20,Chelsea,Arsenal,2,4,Completed
2021/22,Premier League,2022-04-20,Everton,Leicester City,1,1,Completed
2021/22,Premier League,2022-04-20,Manchester City,Brighton,3,0,Completed
2021/22,Premier League,2022-04-20,Newcastle,Crystal Palace,1,0,Completed
2021/22,Premier League,2022-04-21,Burnley,Southampton,2,0,Completed
2021/22,Premier League,2022-04-23,Arsenal,Manchester Utd,3,1,Completed
2021/22,Premier League,2022-04-23,Brentford,Tottenham,0,0,Completed
2021/22,Premier League,2022-04-23,Leicester City,Aston Villa,0,0,Completed
2021/22,Premier League,2022-04-23,Manchester City,Watford,5,1,Completed
2021/22,Premier League,2022-04-23,Norwich City,Newcastle,0,3,Completed
2021/22,Premier League,2022-04-24,Brighton,Southampton,2,2,Completed
2021/22,Premier League,2022-04-24,Burnley,Wolves,1,0,Completed
2021/22,Premier League,2022-04-24,Chelsea,West Ham,1,0,Completed
2021/22,Premier League,2022-04-24,Liverpool,Everton,2,0,Completed
2021/22,Premier League,2022-04-25,Crystal Palace,Leeds United,0,0,Completed
2021/22,Premier League,2022-04-28,Manchester Utd,Chelsea,1,1,Completed
2021/22,Premier League,2022-04-30,Aston Villa,Norwich City,2,0,Completed
2021/22,Premier League,2022-04-30,Leeds United,Manchester City,0,4,Completed
2021/22,Premier League,2022-04-30,Newcastle,Liverpool,0,1,Completed
2021/22,Premier League,2022-04-30,Southampton,Crystal Palace,1,2,Completed
2021/22,Premier League,2022-04-30,Watford,Burnley,1,2,Completed
2021/22,Premier League,2022-04-30,Wolves,Brighton,0,3,Completed
2021/22,Premier League,2022-05-01,Everton,Chelsea,1,0,Completed
2021/22,Premier League,2022-05-01,Tottenham,Leicester City,3,1,Completed
2021/22,Premier League,2022-05-01,West Ham,Arsenal,1,2,Completed
2021/22,Premier League,2022-05-02,Manchester Utd,Brentford,3,0,Completed
2021/22,Premier League,2022-05-07,Brentford,Southampton,3,0,Completed
2021/22,Premier League,2022-05-07,Brighton,Manchester Utd,4,0,Completed
2021/22,Premier League,2022-05-07,Burnley,Aston Villa,1,3,Completed
2021/22,Premier League,2022-05-07,Chelsea,Wolves,2,2,Completed
2021/22,Premier League,2022-05-07,Crystal Palace,Watford,1,0,Completed
2021/22,Premier League,2022-05-07,Liverpool,Tottenham,1,1,Completed
2021/22,Premier League,2022-05-08,Arsenal,Leeds United,2,1,Completed
2021/22,Premier League,2022-05-08,Leicester City,Everton,1,2,Completed
2021/22,Premier League,2022-05-08,Manchester City,Newcastle,5,0,Completed
2021/22,Premier League,2022-05-08,Norwich City,West Ham,0,4,Completed
2021/22,Premier League,2022-05-10,Aston Villa,Liverpool,1,2,Completed
2021/22,Premier League,2022-05-11,Leeds United,Chelsea,0,3,Completed
2021/22,Premier League,2022-05-11,Leicester City,Norwich City,3,0,Completed
2021/22,Premier League,2022-05-11,Watford,Everton,0,0,Completed
2021/22,Premier League,2022-05-11,Wolves,Manchester City,1,5,Completed
2021/22,Premier League,2022-05-12,Tottenham,Arsenal,3,0,Completed
2021/22,Premier League,2022-05-15,Aston Villa,Crystal Palace,1,1,Completed
2021/22,Premier League,2022-05-15,Everton,Brentford,2,3,Completed
2021/22,Premier League,2022-05-15,Leeds United,Brighton,1,1,Completed
2021/22,Premier League,2022-05-15,Tottenham,Burnley,1,0,Completed
2021/22,Premier League,2022-05-15,Watford,Leicester City,1,5,Completed
2021/22,Premier League,2022-05-15,West Ham,Manchester City,2,2,Completed
2021/22,Premier League,2022-05-15,Wolves,Norwich City,1,1,Completed
2021/22,Premier League,2022-05-16,Newcastle,Arsenal,2,0,Completed
2021/22,Premier League,2022-05-17,Southampton,Liverpool,1,2,Completed
2021/22,Premier League,2022-05-19,Aston Villa,Burnley,1,1,Completed
2021/22,Premier League,2022-05-19,Chelsea,Leicester City,1,1,Completed
2021/22,Premier League,2022-05-19,Everton,Crystal Palace,3,2,Completed
2021/22,Premier League,2022-05-22,Arsenal,Everton,5,1,Completed
2021/22,Premier League,2022-05-22,Brentford,Leeds United,1,2,Completed
2021/22,Premier League,2022-05-22,Brighton,West Ham,3,1,Completed
2021/22,Premier League,2022-05-22,Burnley,Newcastle,1,2,Completed
2021/22,Premier League,2022-05-22,Chelsea,Watford,2,1,Completed
2021/22,Premier League,2022-05-22,Crystal Palace,Manchester Utd,1,0,Completed
2021/22,Premier League,2022-05-22,Leicester City,Southampton,4,1,Completed
2021/22,Premier League,2022-05-22,Liverpool,Wolves,3,1,Completed
2021/22,Premier League,2022-05-22,Manchester City,Aston Villa,3,2,Completed
2021/22,Premier League,2022-05-22,Norwich City,Tottenham,0,5,Completed
2022/23,Premier League,2022-08-05,Crystal Palace,Arsenal,0,2,Completed
2022/23,Premier League,2022-08-06,Bournemouth,Aston Villa,2,0,Completed
2022/23,Premier League,2022-08-06,Everton,Chelsea,0,1,Completed
2022/23,Premier League,2022-08-06,Fulham,Liverpool,2,2,Completed
2022/23,Premier League,2022-08-06,Leeds United,Wolves,2,1,Completed
2022/23,Premier League,2022-08-06,Newcastle,Nottingham,2,0,Completed
2022/23,Premier League,2022-08-06,Tottenham,Southampton,4,1,Completed
2022/23,Premier League,2022-08-07,Leicester City,Brentford,2,2,Completed
2022/23,Premier League,2022-08-07,Manchester Utd,Brighton,1,2,Completed
2022/23,Premier League,2022-08-07,West Ham,Manchester City,0,2,Completed
2022/23,Premier League,2022-08-13,Arsenal,Leicester City,4,2,Completed
2022/23,Premier League,2022-08-13,Aston Villa,Everton,2,1,Completed
2022/23,Premier League,2022-08-13,Brentford,Manchester Utd,4,0,Completed
2022/23,Premier League,2022-08-13,Brighton,Newcastle,0,0,Completed
2022/23,Premier League,2022-08-13,Manchester City,Bournemouth,4,0,Completed
2022/23,Premier League,2022-08-13,Southampton,Leeds United,2,2,Completed
2022/23,Premier League,2022-08-13,Wolves,Fulham,0,0,Completed
2022/23,Premier League,2022-08-14,Chelsea,Tottenham,2,2,Completed
2022/23,Premier League,2022-08-14,Nottingham,West Ham,1,0,Completed
2022/23,Premier League,2022-08-15,Liverpool,Crystal Palace,1,1,Completed
2022/23,Premier League,2022-08-20,Bournemouth,Arsenal,0,3,Completed
2022/23,Premier League,2022-08-20,Crystal Palace,Aston Villa,3,1,Completed
2022/23,Premier League,2022-08-20,Everton,Nottingham,1,1,Completed
2022/23,Premier League,2022-08-20,Fulham,Brentford,3,2,Completed
2022/23,Premier League,2022-08-20,Leicester City,Southampton,1,2,Completed
2022/23,Premier League,2022-08-20,Tottenham,Wolves,1,0,Completed
2022/23,Premier League,2022-08-21,Leeds United,Chelsea,3,0,Completed
2022/23,Premier League,2022-08-21,Newcastle,Manchester City,3,3,Completed
2022/23,Premier League,2022-08-21,West Ham,Brighton,0,2,Completed
2022/23,Premier League,2022-08-22,Manchester Utd,Liverpool,2,1,Completed
2022/23,Premier League,2022-08-27,Arsenal,Fulham,2,1,Completed
2022/23,Premier League,2022-08-27,Brentford,Everton,1,1,Completed
2022/23,Premier League,2022-08-27,Brighton,Leeds United,1,0,Completed
2022/23,Premier League,2022-08-27,Chelsea,Leicester City,2,1,Completed
2022/23,Premier League,2022-08-27,Liverpool,Bournemouth,9,0,Completed
2022/23,Premier League,2022-08-27,Manchester City,Crystal Palace,4,2,Completed
2022/23,Premier League,2022-08-27,Southampton,Manchester Utd,0,1,Completed
2022/23,Premier League,2022-08-28,Aston Villa,West Ham,0,1,Completed
2022/23,Premier League,2022-08-28,Nottingham,Tottenham,0,2,Completed
2022/23,Premier League,2022-08-28,Wolves,Newcastle,1,1,Completed
2022/23,Premier League,2022-08-30,Crystal Palace,Brentford,1,1,Completed
2022/23,Premier League,2022-08-30,Fulham,Brighton,2,1,Completed
2022/23,Premier League,2022-08-30,Leeds United,Everton,1,1,Completed
2022/23,Premier League,2022-08-30,Southampton,Chelsea,2,1,Completed
2022/23,Premier League,2022-08-31,Arsenal,Aston Villa,2,1,Completed
2022/23,Premier League,2022-08-31,Bournemouth,Wolves,0,0,Completed
2022/23,Premier League,2022-08-31,Liverpool,Newcastle,2,1,Completed
2022/23,Premier League,2022-08-31,Manchester City,Nottingham,6,0,Completed
2022/23,Premier League,2022-08-31,West Ham,Tottenham,1,1,Completed
2022/23,Premier League,2022-09-01,Leicester City,Manchester Utd,0,1,Completed
2022/23,Premier League,2022-09-03,Aston Villa,Manchester City,1,1,Completed
2022/23,Premier League,2022-09-03,Brentford,Leeds United,5,2,Completed
2022/23,Premier League,2022-09-03,Chelsea,West Ham,2,1,Completed
2022/23,Premier League,2022-09-03,Everton,Liverpool,0,0,Completed
2022/23,Premier League,2022-09-03,Newcastle,Crystal Palace,0,0,Completed
2022/23,Premier League,2022-09-03,Nottingham,Bournemouth,2,3,Completed
2022/23,Premier League,2022-09-03,Tottenham,Fulham,2,1,Completed
2022/23,Premier League,2022-09-03,Wolves,Southampton,1,0,Completed
2022/23,Premier League,2022-09-04,Brighton,Leicester City,5,2,Completed
2022/23,Premier League,2022-09-04,Manchester Utd,Arsenal,3,1,Completed
2022/23,Premier League,2022-09-16,Aston Villa,Southampton,1,0,Completed
2022/23,Premier League,2022-09-16,Nottingham,Fulham,2,3,Completed
2022/23,Premier League,2022-09-17,Newcastle,Bournemouth,1,1,Completed
2022/23,Premier League,2022-09-17,Tottenham,Leicester City,6,2,Completed
2022/23,Premier League,2022-09-17,Wolves,Manchester City,0,3,Completed
2022/23,Premier League,2022-09-18,Brentford,Arsenal,0,3,Completed
2022/23,Premier League,2022-09-18,Everton,West Ham,1,0,Completed
2022/23,Premier League,2022-10-01,Arsenal,Tottenham,3,1,Completed
2022/23,Premier League,2022-10-01,Bournemouth,Brentford,0,0,Completed
2022/23,Premier League,2022-10-01,Crystal Palace,Chelsea,1,2,Completed
2022/23,Premier League,2022-10-01,Fulham,Newcastle,1,4,Completed
2022/23,Premier League,2022-10-01,Liverpool,Brighton,3,3,Completed
2022/23,Premier League,2022-10-01,Southampton,Everton,1,2,Completed
2022/23,Premier League,2022-10-01,West Ham,Wolves,2,0,Completed
2022/23,Premier League,2022-10-02,Leeds United,Aston Villa,0,0,Completed
2022/23,Premier League,2022-10-02,Manchester City,Manchester Utd,6,3,Completed
2022/23,Premier League,2022-10-03,Leicester City,Nottingham,4,0,Completed
2022/23,Premier League,2022-10-08,Bournemouth,Leicester City,2,1,Completed
2022/23,Premier League,2022-10-08,Brighton,Tottenham,0,1,Completed
2022/23,Premier League,2022-10-08,Chelsea,Wolves,3,0,Completed
2022/23,Premier League,2022-10-08,Manchester City,Southampton,4,0,Completed
2022/23,Premier League,2022-10-08,Newcastle,Brentford,5,1,Completed
2022/23,Premier League,2022-10-09,Arsenal,Liverpool,3,2,Completed
2022/23,Premier League,2022-10-09,Crystal Palace,Leeds United,2,1,Completed
2022/23,Premier League,2022-10-09,Everton,Manchester Utd,1,2,Completed
2022/23,Premier League,2022-10-09,West Ham,Fulham,3,1,Completed
2022/23,Premier League,2022-10-10,Nottingham,Aston Villa,1,1,Completed
2022/23,Premier League,2022-10-14,Brentford,Brighton,2,0,Completed
2022/23,Premier League,2022-10-15,Fulham,Bournemouth,2,2,Completed
2022/23,Premier League,2022-10-15,Leicester City,Crystal Palace,0,0,Completed
2022/23,Premier League,2022-10-15,Tottenham,Everton,2,0,Completed
2022/23,Premier League,2022-10-15,Wolves,Nottingham,1,0,Completed
2022/23,Premier League,2022-10-16,Aston Villa,Chelsea,0,2,Completed
2022/23,Premier League,2022-10-16,Leeds United,Arsenal,0,1,Completed
2022/23,Premier League,2022-10-16,Liverpool,Manchester City,1,0,Completed
2022/23,Premier League,2022-10-16,Manchester Utd,Newcastle,0,0,Completed
2022/23,Premier League,2022-10-16,Southampton,West Ham,1,1,Completed
2022/23,Premier League,2022-10-18,Brighton,Nottingham,0,0,Completed
2022/23,Premier League,2022-10-18,Crystal Palace,Wolves,2,1,Completed
2022/23,Premier League,2022-10-19,Bournemouth,Southampton,0,1,Completed
2022/23,Premier League,2022-10-19,Brentford,Chelsea,0,0,Completed
2022/23,Premier League,2022-10-19,Liverpool,West Ham,1,0,Completed
2022/23,Premier League,2022-10-19,Manchester Utd,Tottenham,2,0,Completed
2022/23,Premier League,2022-10-19,Newcastle,Everton,1,0,Completed
2022/23,Premier League,2022-10-20,Fulham,Aston Villa,3,0,Completed
2022/23,Premier League,2022-10-20,Leicester City,Leeds United,2,0,Completed
2022/23,Premier League,2022-10-22,Chelsea,Manchester Utd,1,1,Completed
2022/23,Premier League,2022-10-22,Everton,Crystal Palace,3,0,Completed
2022/23,Premier League,2022-10-22,Manchester City,Brighton,3,1,Completed
2022/23,Premier League,2022-10-22,Nottingham,Liverpool,1,0,Completed
2022/23,Premier League,2022-10-23,Aston Villa,Brentford,4,0,Completed
2022/23,Premier League,2022-10-23,Leeds United,Fulham,2,3,Completed
2022/23,Premier League,2022-10-23,Southampton,Arsenal,1,1,Completed
2022/23,Premier League,2022-10-23,Tottenham,Newcastle,1,2,Completed
2022/23,Premier League,2022-10-23,Wolves,Leicester City,0,4,Completed
2022/23,Premier League,2022-10-24,West Ham,Bournemouth,2,0,Completed
2022/23,Premier League,2022-10-29,Bournemouth,Tottenham,2,3,Completed
2022/23,Premier League,2022-10-29,Brentford,Wolves,1,1,Completed
2022/23,Premier League,2022-10-29,Brighton,Chelsea,4,1,Completed
2022/23,Premier League,2022-10-29,Crystal Palace,Southampton,1,0,Completed
2022/23,Premier League,2022-10-29,Fulham,Everton,0,0,Completed
2022/23,Premier League,2022-10-29,Leicester City,Manchester City,0,1,Completed
2022/23,Premier League,2022-10-29,Liverpool,Leeds United,1,2,Completed
2022/23,Premier League,2022-10-29,Newcastle,Aston Villa,4,0,Completed
2022/23,Premier League,2022-10-30,Arsenal,Nottingham,5,0,Completed
2022/23,Premier League,2022-10-30,Manchester Utd,West Ham,1,0,Completed
2022/23,Premier League,2022-11-05,Everton,Leicester City,0,2,Completed
2022/23,Premier League,2022-11-05,Leeds United,Bournemouth,4,3,Completed
2022/23,Premier League,2022-11-05,Manchester City,Fulham,2,1,Completed
2022/23,Premier League,2022-11-05,Nottingham,Brentford,2,2,Completed
2022/23,Premier League,2022-11-05,Wolves,Brighton,2,3,Completed
2022/23,Premier League,2022-11-06,Aston Villa,Manchester Utd,3,1,Completed
2022/23,Premier League,2022-11-06,Chelsea,Arsenal,0,1,Completed
2022/23,Premier League,2022-11-06,Southampton,Newcastle,1,4,Completed
2022/23,Premier League,2022-11-06,Tottenham,Liverpool,1,2,Completed
2022/23,Premier League,2022-11-06,West Ham,Crystal Palace,1,2,Completed
2022/23,Premier League,2022-11-12,Bournemouth,Everton,3,0,Completed
2022/23,Premier League,2022-11-12,Liverpool,Southampton,3,1,Completed
2022/23,Premier League,2022-11-12,Manchester City,Brentford,1,2,Completed
2022/23,Premier League,2022-11-12,Newcastle,Chelsea,1,0,Completed
2022/23,Premier League,2022-11-12,Nottingham,Crystal Palace,1,0,Completed
2022/23,Premier League,2022-11-12,Tottenham,Leeds United,4,3,Completed
2022/23,Premier League,2022-11-12,West Ham,Leicester City,0,2,Completed
2022/23,Premier League,2022-11-12,Wolves,Arsenal,0,2,Completed
2022/23,Premier League,2022-11-13,Brighton,Aston Villa,1,2,Completed
2022/23,Premier League,2022-11-13,Fulham,Manchester Utd,1,2,Completed
2022/23,Premier League,2022-12-26,Arsenal,West Ham,3,1,Completed
2022/23,Premier League,2022-12-26,Aston Villa,Liverpool,1,3,Completed
2022/23,Premier League,2022-12-26,Brentford,Tottenham,2,2,Completed
2022/23,Premier League,2022-12-26,Crystal Palace,Fulham,0,3,Completed
2022/23,Premier League,2022-12-26,Everton,Wolves,1,2,Completed
2022/23,Premier League,2022-12-26,Leicester City,Newcastle,0,3,Completed
2022/23,Premier League,2022-12-26,Southampton,Brighton,1,3,Completed
2022/23,Premier League,2022-12-27,Chelsea,Bournemouth,2,0,Completed
2022/23,Premier League,2022-12-27,Manchester Utd,Nottingham,3,0,Completed
2022/23,Premier League,2022-12-28,Leeds United,Manchester City,1,3,Completed
2022/23,Premier League,2022-12-30,Liverpool,Leicester City,2,1,Completed
2022/23,Premier League,2022-12-30,West Ham,Brentford,0,2,Completed
2022/23,Premier League,2022-12-31,Bournemouth,Crystal Palace,0,2,Completed
2022/23,Premier League,2022-12-31,Brighton,Arsenal,2,4,Completed
2022/23,Premier League,2022-12-31,Fulham,Southampton,2,1,Completed
2022/23,Premier League,2022-12-31,Manchester City,Everton,1,1,Completed
2022/23,Premier League,2022-12-31,Newcastle,Leeds United,0,0,Completed
2022/23,Premier League,2022-12-31,Wolves,Manchester Utd,0,1,Completed
2022/23,Premier League,2023-01-01,Nottingham,Chelsea,1,1,Completed
2022/23,Premier League,2023-01-01,Tottenham,Aston Villa,0,2,Completed
2022/23,Premier League,2023-01-02,Brentford,Liverpool,3,1,Completed
2022/23,Premier League,2023-01-03,Arsenal,Newcastle,0,0,Completed
2022/23,Premier League,2023-01-03,Everton,Brighton,1,4,Completed
2022/23,Premier League,2023-01-03,Leicester City,Fulham,0,1,Completed
2022/23,Premier League,2023-01-03,Manchester Utd,Bournemouth,3,0,Completed
2022/23,Premier League,2023-01-04,Aston Villa,Wolves,1,1,Completed
2022/23,Premier League,2023-01-04,Crystal Palace,Tottenham,0,4,Completed
2022/23,Premier League,2023-01-04,Leeds United,West Ham,2,2,Completed
2022/23,Premier League,2023-01-04,Southampton,Nottingham,0,1,Completed
2022/23,Premier League,2023-01-05,Chelsea,Manchester City,0,1,Completed
2022/23,Premier League,2023-01-12,Fulham,Chelsea,2,1,Completed
2022/23,Premier League,2023-01-13,Aston Villa,Leeds United,2,1,Completed
2022/23,Premier League,2023-01-14,Brentford,Bournemouth,2,0,Completed
2022/23,Premier League,2023-01-14,Brighton,Liverpool,3,0,Completed
2022/23,Premier League,2023-01-14,Everton,Southampton,1,2,Completed
2022/23,Premier League,2023-01-14,Manchester Utd,Manchester City,2,1,Completed
2022/23,Premier League,2023-01-14,Nottingham,Leicester City,2,0,Completed
2022/23,Premier League,2023-01-14,Wolves,West Ham,1,0,Completed
2022/23,Premier League,2023-01-15,Chelsea,Crystal Palace,1,0,Completed
2022/23,Premier League,2023-01-15,Newcastle,Fulham,1,0,Completed
2022/23,Premier League,2023-01-15,Tottenham,Arsenal,0,2,Completed
2022/23,Premier League,2023-01-18,Crystal Palace,Manchester Utd,1,1,Completed
2022/23,Premier League,2023-01-19,Manchester City,Tottenham,4,2,Completed
2022/23,Premier League,2023-01-21,Bournemouth,Nottingham,1,1,Completed
2022/23,Premier League,2023-01-21,Crystal Palace,Newcastle,0,0,Completed
2022/23,Premier League,2023-01-21,Leicester City,Brighton,2,2,Completed
2022/23,Premier League,2023-01-21,Liverpool,Chelsea,0,0,Completed
2022/23,Premier League,2023-01-21,Southampton,Aston Villa,0,1,Completed
2022/23,Premier League,2023-01-21,West Ham,Everton,2,0,Completed
2022/23,Premier League,2023-01-22,Arsenal,Manchester Utd,3,2,Completed
2022/23,Premier League,2023-01-22,Leeds United,Brentford,0,0,Completed
2022/23,Premier League,2023-01-22,Manchester City,Wolves,3,0,Completed
2022/23,Premier League,2023-01-23,Fulham,Tottenham,0,1,Completed
2022/23,Premier League,2023-02-03,Chelsea,Fulham,0,0,Completed
2022/23,Premier League,2023-02-04,Aston Villa,Leicester City,2,4,Completed
2022/23,Premier League,2023-02-04,Brentford,Southampton,3,0,Completed
2022/23,Premier League,2023-02-04,Brighton,Bournemouth,1,0,Completed
2022/23,Premier League,2023-02-04,Everton,Arsenal,1,0,Completed
2022/23,Premier League,2023-02-04,Manchester Utd,Crystal Palace,2,1,Completed
2022/23,Premier League,2023-02-04,Newcastle,West Ham,1,1,Completed
2022/23,Premier League,2023-02-04,Wolves,Liverpool,3,0,Completed
2022/23,Premier League,2023-02-05,Nottingham,Leeds United,1,0,Completed
2022/23,Premier League,2023-02-05,Tottenham,Manchester City,1,0,Completed
2022/23,Premier League,2023-02-08,Manchester Utd,Leeds United,2,2,Completed
2022/23,Premier League,2023-02-11,Arsenal,Brentford,1,1,Completed
2022/23,Premier League,2023-02-11,Bournemouth,Newcastle,1,1,Completed
2022/23,Premier League,2023-02-11,Crystal Palace,Brighton,1,1,Completed
2022/23,Premier League,2023-02-11,Fulham,Nottingham,2,0,Completed
2022/23,Premier League,2023-02-11,Leicester City,Tottenham,4,1,Completed
2022/23,Premier League,2023-02-11,Southampton,Wolves,1,2,Completed
2022/23,Premier League,2023-02-11,West Ham,Chelsea,1,1,Completed
2022/23,Premier League,2023-02-12,Leeds United,Manchester Utd,0,2,Completed
2022/23,Premier League,2023-02-12,Manchester City,Aston Villa,3,1,Completed
2022/23,Premier League,2023-02-13,Liverpool,Everton,2,0,Completed
2022/23,Premier League,2023-02-15,Arsenal,Manchester City,1,3,Completed
2022/23,Premier League,2023-02-18,Aston Villa,Arsenal,2,4,Completed
2022/23,Premier League,2023-02-18,Brentford,Crystal Palace,1,1,Completed
2022/23,Premier League,2023-02-18,Brighton,Fulham,0,1,Completed
2022/23,Premier League,2023-02-18,Chelsea,Southampton,0,1,Completed
2022/23,Premier League,2023-02-18,Everton,Leeds United,1,0,Completed
2022/23,Premier League,2023-02-18,Newcastle,Liverpool,0,2,Completed
2022/23,Premier League,2023-02-18,Nottingham,Manchester City,1,1,Completed
2022/23,Premier League,2023-02-18,Wolves,Bournemouth,0,1,Completed
2022/23,Premier League,2023-02-19,Manchester Utd,Leicester City,3,0,Completed
2022/23,Premier League,2023-02-19,Tottenham,West Ham,2,0,Completed
2022/23,Premier League,2023-02-24,Fulham,Wolves,1,1,Completed
2022/23,Premier League,2023-02-25,Bournemouth,Manchester City,1,4,Completed
2022/23,Premier League,2023-02-25,Crystal Palace,Liverpool,0,0,Completed
2022/23,Premier League,2023-02-25,Everton,Aston Villa,0,2,Completed
2022/23,Premier League,2023-02-25,Leeds United,Southampton,1,0,Completed
2022/23,Premier League,2023-02-25,Leicester City,Arsenal,0,1,Completed
2022/23,Premier League,2023-02-25,West Ham,Nottingham,4,0,Completed
2022/23,Premier League,2023-02-26,Tottenham,Chelsea,2,0,Completed
2022/23,Premier League,2023-03-01,Arsenal,Everton,4,0,Completed
2022/23,Premier League,2023-03-01,Liverpool,Wolves,2,0,Completed
2022/23,Premier League,2023-03-04,Arsenal,Bournemouth,3,2,Completed
2022/23,Premier League,2023-03-04,Aston Villa,Crystal Palace,1,0,Completed
2022/23,Premier League,2023-03-04,Brighton,West Ham,4,0,Completed
2022/23,Premier League,2023-03-04,Chelsea,Leeds United,1,0,Completed
2022/23,Premier League,2023-03-04,Manchester City,Newcastle,2,0,Completed
2022/23,Premier League,2023-03-04,Southampton,Leicester City,1,0,Completed
2022/23,Premier League,2023-03-04,Wolves,Tottenham,1,0,Completed
2022/23,Premier League,2023-03-05,Liverpool,Manchester Utd,7,0,Completed
2022/23,Premier League,2023-03-05,Nottingham,Everton,2,2,Completed
2022/23,Premier League,2023-03-06,Brentford,Fulham,3,2,Completed
2022/23,Premier League,2023-03-11,Bournemouth,Liverpool,1,0,Completed
2022/23,Premier League,2023-03-11,Crystal Palace,Manchester City,0,1,Completed
2022/23,Premier League,2023-03-11,Everton,Brentford,1,0,Completed
2022/23,Premier League,2023-03-11,Leeds United,Brighton,2,2,Completed
2022/23,Premier League,2023-03-11,Leicester City,Chelsea,1,3,Completed
2022/23,Premier League,2023-03-11,Tottenham,Nottingham,3,1,Completed
2022/23,Premier League,2023-03-12,Fulham,Arsenal,0,3,Completed
2022/23,Premier League,2023-03-12,Manchester Utd,Southampton,0,0,Completed
2022/23,Premier League,2023-03-12,Newcastle,Wolves,2,1,Completed
2022/23,Premier League,2023-03-12,West Ham,Aston Villa,1,1,Completed
2022/23,Premier League,2023-03-15,Brighton,Crystal Palace,1,0,Completed
2022/23,Premier League,2023-03-15,Southampton,Brentford,0,2,Completed
2022/23,Premier League,2023-03-17,Nottingham,Newcastle,1,2,Completed
2022/23,Premier League,2023-03-18,Aston Villa,Bournemouth,3,0,Completed
2022/23,Premier League,2023-03-18,Brentford,Leicester City,1,1,Completed
2022/23,Premier League,2023-03-18,Chelsea,Everton,2,2,Completed
2022/23,Premier League,2023-03-18,Southampton,Tottenham,3,3,Completed
2022/23,Premier League,2023-03-18,Wolves,Leeds United,2,4,Completed
2022/23,Premier League,2023-03-19,Arsenal,Crystal Palace,4,1,Completed
2022/23,Premier League,2023-04-01,Arsenal,Leeds United,4,1,Completed
2022/23,Premier League,2023-04-01,Bournemouth,Fulham,2,1,Completed
2022/23,Premier League,2023-04-01,Brighton,Brentford,3,3,Completed
2022/23,Premier League,2023-04-01,Chelsea,Aston Villa,0,2,Completed
2022/23,Premier League,2023-04-01,Crystal Palace,Leicester City,2,1,Completed
2022/23,Premier League,2023-04-01,Manchester City,Liverpool,4,1,Completed
2022/23,Premier League,2023-04-01,Nottingham,Wolves,1,1,Completed
2022/23,Premier League,2023-04-02,Newcastle,Manchester Utd,2,0,Completed
2022/23,Premier League,2023-04-02,West Ham,Southampton,1,0,Completed
2022/23,Premier League,2023-04-03,Everton,Tottenham,1,1,Completed
2022/23,Premier League,2023-04-04,Bournemouth,Brighton,0,2,Completed
2022/23,Premier League,2023-04-04,Chelsea,Liverpool,0,0,Completed
2022/23,Premier League,2023-04-04,Leeds United,Nottingham,2,1,Completed
2022/23,Premier League,2023-04-04,Leicester City,Aston Villa,1,2,Completed
2022/23,Premier League,2023-04-05,Manchester Utd,Brentford,1,0,Completed
2022/23,Premier League,2023-04-05,West Ham,Newcastle,1,5,Completed
2022/23,Premier League,2023-04-08,Aston Villa,Nottingham,2,0,Completed
2022/23,Premier League,2023-04-08,Brentford,Newcastle,1,2,Completed
2022/23,Premier League,2023-04-08,Fulham,West Ham,0,1,Completed
2022/23,Premier League,2023-04-08,Leicester City,Bournemouth,0,1,Completed
2022/23,Premier League,2023-04-08,Manchester Utd,Everton,2,0,Completed
2022/23,Premier League,2023-04-08,Southampton,Manchester City,1,4,Completed
2022/23,Premier League,2023-04-08,Tottenham,Brighton,2,1,Completed
2022/23,Premier League,2023-04-08,Wolves,Chelsea,1,0,Completed
2022/23,Premier League,2023-04-09,Leeds United,Crystal Palace,1,5,Completed
2022/23,Premier League,2023-04-09,Liverpool,Arsenal,2,2,Completed
2022/23,Premier League,2023-04-15,Aston Villa,Newcastle,3,0,Completed
2022/23,Premier League,2023-04-15,Chelsea,Brighton,1,2,Completed
2022/23,Premier League,2023-04-15,Everton,Fulham,1,3,Completed
2022/23,Premier League,2023-04-15,Manchester City,Leicester City,3,1,Completed
2022/23,Premier League,2023-04-15,Southampton,Crystal Palace,0,2,Completed
2022/23,Premier League,2023-04-15,Tottenham,Bournemouth,2,3,Completed
2022/23,Premier League,2023-04-15,Wolves,Brentford,2,0,Completed
2022/23,Premier League,2023-04-16,Nottingham,Manchester Utd,0,2,Completed
2022/23,Premier League,2023-04-16,West Ham,Arsenal,2,2,Completed
2022/23,Premier League,2023-04-17,Leeds United,Liverpool,1,6,Completed
2022/23,Premier League,2023-04-21,Arsenal,Southampton,3,3,Completed
2022/23,Premier League,2023-04-22,Brentford,Aston Villa,1,1,Completed
2022/23,Premier League,2023-04-22,Crystal Palace,Everton,0,0,Completed
2022/23,Premier League,2023-04-22,Fulham,Leeds United,2,1,Completed
2022/23,Premier League,2023-04-22,Leicester City,Wolves,2,1,Completed
2022/23,Premier League,2023-04-22,Liverpool,Nottingham,3,2,Completed
2022/23,Premier League,2023-04-23,Bournemouth,West Ham,0,4,Completed
2022/23,Premier League,2023-04-23,Newcastle,Tottenham,6,1,Completed
2022/23,Premier League,2023-04-25,Aston Villa,Fulham,1,0,Completed
2022/23,Premier League,2023-04-25,Leeds United,Leicester City,1,1,Completed
2022/23,Premier League,2023-04-25,Wolves,Crystal Palace,2,0,Completed
2022/23,Premier League,2023-04-26,Chelsea,Brentford,0,2,Completed
2022/23,Premier League,2023-04-26,Manchester City,Arsenal,4,1,Completed
2022/23,Premier League,2023-04-26,Nottingham,Brighton,3,1,Completed
2022/23,Premier League,2023-04-26,West Ham,Liverpool,1,2,Completed
2022/23,Premier League,2023-04-27,Everton,Newcastle,1,4,Completed
2022/23,Premier League,2023-04-27,Southampton,Bournemouth,0,1,Completed
2022/23,Premier League,2023-04-27,Tottenham,Manchester Utd,2,2,Completed
2022/23,Premier League,2023-04-29,Brentford,Nottingham,2,1,Completed
2022/23,Premier League,2023-04-29,Brighton,Wolves,6,0,Completed
2022/23,Premier League,2023-04-29,Crystal Palace,West Ham,4,3,Completed
2022/23,Premier League,2023-04-30,Bournemouth,Leeds United,4,1,Completed
2022/23,Premier League,2023-04-30,Fulham,Manchester City,1,2,Completed
2022/23,Premier League,2023-04-30,Liverpool,Tottenham,4,3,Completed
2022/23,Premier League,2023-04-30,Manchester Utd,Aston Villa,1,0,Completed
2022/23,Premier League,2023-04-30,Newcastle,Southampton,3,1,Completed
2022/23,Premier League,2023-05-01,Leicester City,Everton,2,2,Completed
2022/23,Premier League,2023-05-02,Arsenal,Chelsea,3,1,Completed
2022/23,Premier League,2023-05-03,Liverpool,Fulham,1,0,Completed
2022/23,Premier League,2023-05-03,Manchester City,West Ham,3,0,Completed
2022/23,Premier League,2023-05-04,Brighton,Manchester Utd,1,0,Completed
2022/23,Premier League,2023-05-06,Bournemouth,Chelsea,1,3,Completed
2022/23,Premier League,2023-05-06,Liverpool,Brentford,1,0,Completed
2022/23,Premier League,2023-05-06,Manchester City,Leeds United,2,1,Completed
2022/23,Premier League,2023-05-06,Tottenham,Crystal Palace,1,0,Completed
2022/23,Premier League,2023-05-06,Wolves,Aston Villa,1,0,Completed
2022/23,Premier League,2023-05-07,Newcastle,Arsenal,0,2,Completed
2022/23,Premier League,2023-05-07,West Ham,Manchester Utd,1,0,Completed
2022/23,Premier League,2023-05-08,Brighton,Everton,1,5,Completed
2022/23,Premier League,2023-05-08,Fulham,Leicester City,5,3,Completed
2022/23,Premier League,2023-05-08,Nottingham,Southampton,4,3,Completed
2022/23,Premier League,2023-05-13,Aston Villa,Tottenham,2,1,Completed
2022/23,Premier League,2023-05-13,Chelsea,Nottingham,2,2,Completed
2022/23,Premier League,2023-05-13,Crystal Palace,Bournemouth,2,0,Completed
2022/23,Premier League,2023-05-13,Leeds United,Newcastle,2,2,Completed
2022/23,Premier League,2023-05-13,Manchester Utd,Wolves,2,0,Completed
2022/23,Premier League,2023-05-13,Southampton,Fulham,0,2,Completed
2022/23,Premier League,2023-05-14,Arsenal,Brighton,0,3,Completed
2022/23,Premier League,2023-05-14,Brentford,West Ham,2,0,Completed
2022/23,Premier League,2023-05-14,Everton,Manchester City,0,3,Completed
2022/23,Premier League,2023-05-15,Leicester City,Liverpool,0,3,Completed
2022/23,Premier League,2023-05-18,Newcastle,Brighton,4,1,Completed
2022/23,Premier League,2023-05-20,Bournemouth,Manchester Utd,0,1,Completed
2022/23,Premier League,2023-05-20,Fulham,Crystal Palace,2,2,Completed
2022/23,Premier League,2023-05-20,Liverpool,Aston Villa,1,1,Completed
2022/23,Premier League,2023-05-20,Nottingham,Arsenal,1,0,Completed
2022/23,Premier League,2023-05-20,Tottenham,Brentford,1,3,Completed
2022/23,Premier League,2023-05-20,Wolves,Everton,1,1,Completed
2022/23,Premier League,2023-05-21,Brighton,Southampton,3,1,Completed
2022/23,Premier League,2023-05-21,Manchester City,Chelsea,1,0,Completed
2022/23,Premier League,2023-05-21,West Ham,Leeds United,3,1,Completed
2022/23,Premier League,2023-05-22,Newcastle,Leicester City,0,0,Completed
2022/23,Premier League,2023-05-24,Brighton,Manchester City,1,1,Completed
2022/23,Premier League,2023-05-25,Manchester Utd,Chelsea,4,1,Completed
2022/23,Premier League,2023-05-28,Arsenal,Wolves,5,0,Completed
2022/23,Premier League,2023-05-28,Aston Villa,Brighton,2,1,Completed
2022/23,Premier League,2023-05-28,Brentford,Manchester City,1,0,Completed
2022/23,Premier League,2023-05-28,Chelsea,Newcastle,1,1,Completed
2022/23,Premier League,2023-05-28,Crystal Palace,Nottingham,1,1,Completed
2022/23,Premier League,2023-05-28,Everton,Bournemouth,1,0,Completed
2022/23,Premier League,2023-05-28,Leeds United,Tottenham,1,4,Completed
2022/23,Premier League,2023-05-28,Leicester City,West Ham,2,1,Completed
2022/23,Premier League,2023-05-28,Manchester Utd,Fulham,2,1,Completed
2022/23,Premier League,2023-05-28,Southampton,Liverpool,4,4,Completed
2023/24,Premier League,2023-08-11,Burnley,Manchester City,0,3,Completed
2023/24,Premier League,2023-08-12,Arsenal,Nottingham,2,1,Completed
2023/24,Premier League,2023-08-12,Bournemouth,West Ham,1,1,Completed
2023/24,Premier League,2023-08-12,Brighton,Luton Town,4,1,Completed
2023/24,Premier League,2023-08-12,Everton,Fulham,0,1,Completed
2023/24,Premier League,2023-08-12,Newcastle,Aston Villa,5,1,Completed
2023/24,Premier League,2023-08-12,Sheffield United,Crystal Palace,0,1,Completed
2023/24,Premier League,2023-08-13,Brentford,Tottenham,2,2,Completed
2023/24,Premier League,2023-08-13,Chelsea,Liverpool,1,1,Completed
2023/24,Premier League,2023-08-14,Manchester Utd,Wolves,1,0,Completed
2023/24,Premier League,2023-08-18,Nottingham,Sheffield United,2,1,Completed
2023/24,Premier League,2023-08-19,Fulham,Brentford,0,3,Completed
2023/24,Premier League,2023-08-19,Liverpool,Bournemouth,3,1,Completed
2023/24,Premier League,2023-08-19,Manchester City,Newcastle,1,0,Completed
2023/24,Premier League,2023-08-19,Tottenham,Manchester Utd,2,0,Completed
2023/24,Premier League,2023-08-19,Wolves,Brighton,1,4,Completed
2023/24,Premier League,2023-08-20,Aston Villa,Everton,4,0,Completed
2023/24,Premier League,2023-08-20,West Ham,Chelsea,3,1,Completed
2023/24,Premier League,2023-08-21,Crystal Palace,Arsenal,0,1,Completed
2023/24,Premier League,2023-08-25,Chelsea,Luton Town,3,0,Completed
2023/24,Premier League,2023-08-26,Arsenal,Fulham,2,2,Completed
2023/24,Premier League,2023-08-26,Bournemouth,Tottenham,0,2,Completed
2023/24,Premier League,2023-08-26,Brentford,Crystal Palace,1,1,Completed
2023/24,Premier League,2023-08-26,Brighton,West Ham,1,3,Completed
2023/24,Premier League,2023-08-26,Everton,Wolves,0,1,Completed
2023/24,Premier League,2023-08-26,Manchester Utd,Nottingham,3,2,Completed
2023/24,Premier League,2023-08-27,Burnley,Aston Villa,1,3,Completed
2023/24,Premier League,2023-08-27,Newcastle,Liverpool,1,2,Completed
2023/24,Premier League,2023-08-27,Sheffield United,Manchester City,1,2,Completed
2023/24,Premier League,2023-09-01,Luton Town,West Ham,1,2,Completed
2023/24,Premier League,2023-09-02,Brentford,Bournemouth,2,2,Completed
2023/24,Premier League,2023-09-02,Brighton,Newcastle,3,1,Completed
2023/24,Premier League,2023-09-02,Burnley,Tottenham,2,5,Completed
2023/24,Premier League,2023-09-02,Chelsea,Nottingham,0,1,Completed
2023/24,Premier League,2023-09-02,Manchester City,Fulham,5,1,Completed
2023/24,Premier League,2023-09-02,Sheffield United,Everton,2,2,Completed
2023/24,Premier League,2023-09-03,Arsenal,Manchester Utd,3,1,Completed
2023/24,Premier League,2023-09-03,Crystal Palace,Wolves,3,2,Completed
2023/24,Premier League,2023-09-03,Liverpool,Aston Villa,3,0,Completed
2023/24,Premier League,2023-09-16,Aston Villa,Crystal Palace,3,1,Completed
2023/24,Premier League,2023-09-16,Fulham,Luton Town,1,0,Completed
2023/24,Premier League,2023-09-16,Manchester Utd,Brighton,1,3,Completed
2023/24,Premier League,2023-09-16,Newcastle,Brentford,1,0,Completed
2023/24,Premier League,2023-09-16,Tottenham,Sheffield United,2,1,Completed
2023/24,Premier League,2023-09-16,West Ham,Manchester City,1,3,Completed
2023/24,Premier League,2023-09-16,Wolves,Liverpool,1,3,Completed
2023/24,Premier League,2023-09-17,Bournemouth,Chelsea,0,0,Completed
2023/24,Premier League,2023-09-17,Everton,Arsenal,0,1,Completed
2023/24,Premier League,2023-09-18,Nottingham,Burnley,1,1,Completed
2023/24,Premier League,2023-09-23,Brentford,Everton,1,3,Completed
2023/24,Premier League,2023-09-23,Burnley,Manchester Utd,0,1,Completed
2023/24,Premier League,2023-09-23,Crystal Palace,Fulham,0,0,Completed
2023/24,Premier League,2023-09-23,Luton Town,Wolves,1,1,Completed
2023/24,Premier League,2023-09-23,Manchester City,Nottingham,2,0,Completed
2023/24,Premier League,2023-09-24,Arsenal,Tottenham,2,2,Completed
2023/24,Premier League,2023-09-24,Brighton,Bournemouth,3,1,Completed
2023/24,Premier League,2023-09-24,Chelsea,Aston Villa,0,1,Completed
2023/24,Premier League,2023-09-24,Liverpool,West Ham,3,1,Completed
2023/24,Premier League,2023-09-24,Sheffield United,Newcastle,0,8,Completed
2023/24,Premier League,2023-09-30,Aston Villa,Brighton,6,1,Completed
2023/24,Premier League,2023-09-30,Bournemouth,Arsenal,0,4,Completed
2023/24,Premier League,2023-09-30,Everton,Luton Town,1,2,Completed
2023/24,Premier League,2023-09-30,Manchester Utd,Crystal Palace,0,1,Completed
2023/24,Premier League,2023-09-30,Newcastle,Burnley,2,0,Completed
2023/24,Premier League,2023-09-30,Tottenham,Liverpool,2,1,Completed
2023/24,Premier League,2023-09-30,West Ham,Sheffield United,2,0,Completed
2023/24,Premier League,2023-09-30,Wolves,Manchester City,2,1,Completed
2023/24,Premier League,2023-10-01,Nottingham,Brentford,1,1,Completed
2023/24,Premier League,2023-10-02,Fulham,Chelsea,0,2,Completed
2023/24,Premier League,2023-10-03,Luton Town,Burnley,1,2,Completed
2023/24,Premier League,2023-10-07,Burnley,Chelsea,1,4,Completed
2023/24,Premier League,2023-10-07,Crystal Palace,Nottingham,0,0,Completed
2023/24,Premier League,2023-10-07,Everton,Bournemouth,3,0,Completed
2023/24,Premier League,2023-10-07,Fulham,Sheffield United,3,1,Completed
2023/24,Premier League,2023-10-07,Luton Town,Tottenham,0,1,Completed
2023/24,Premier League,2023-10-07,Manchester Utd,Brentford,2,1,Completed
2023/24,Premier League,2023-10-08,Arsenal,Manchester City,1,0,Completed
2023/24,Premier League,2023-10-08,Brighton,Liverpool,2,2,Completed
2023/24,Premier League,2023-10-08,West Ham,Newcastle,2,2,Completed
2023/24,Premier League,2023-10-08,Wolves,Aston Villa,1,1,Completed
2023/24,Premier League,2023-10-21,Bournemouth,Wolves,1,2,Completed
2023/24,Premier League,2023-10-21,Brentford,Burnley,3,0,Completed
2023/24,Premier League,2023-10-21,Chelsea,Arsenal,2,2,Completed
2023/24,Premier League,2023-10-21,Liverpool,Everton,2,0,Completed
2023/24,Premier League,2023-10-21,Manchester City,Brighton,2,1,Completed
2023/24,Premier League,2023-10-21,Newcastle,Crystal Palace,4,0,Completed
2023/24,Premier League,2023-10-21,Nottingham,Luton Town,2,2,Completed
2023/24,Premier League,2023-10-21,Sheffield United,Manchester Utd,1,2,Completed
2023/24,Premier League,2023-10-22,Aston Villa,West Ham,4,1,Completed
2023/24,Premier League,2023-10-23,Tottenham,Fulham,2,0,Completed
2023/24,Premier League,2023-10-27,Crystal Palace,Tottenham,1,2,Completed
2023/24,Premier League,2023-10-28,Arsenal,Sheffield United,5,0,Completed
2023/24,Premier League,2023-10-28,Bournemouth,Burnley,2,1,Completed
2023/24,Premier League,2023-10-28,Chelsea,Brentford,0,2,Completed
2023/24,Premier League,2023-10-28,Wolves,Newcastle,2,2,Completed
2023/24,Premier League,2023-10-29,Aston Villa,Luton Town,3,1,Completed
2023/24,Premier League,2023-10-29,Brighton,Fulham,1,1,Completed
2023/24,Premier League,2023-10-29,Liverpool,Nottingham,3,0,Completed
2023/24,Premier League,2023-10-29,Manchester Utd,Manchester City,0,3,Completed
2023/24,Premier League,2023-10-29,West Ham,Everton,0,1,Completed
2023/24,Premier League,2023-11-04,Brentford,West Ham,3,2,Completed
2023/24,Premier League,2023-11-04,Burnley,Crystal Palace,0,2,Completed
2023/24,Premier League,2023-11-04,Everton,Brighton,1,1,Completed
2023/24,Premier League,2023-11-04,Fulham,Manchester Utd,0,1,Completed
2023/24,Premier League,2023-11-04,Manchester City,Bournemouth,6,1,Completed
2023/24,Premier League,2023-11-04,Newcastle,Arsenal,1,0,Completed
2023/24,Premier League,2023-11-04,Sheffield United,Wolves,2,1,Completed
2023/24,Premier League,2023-11-05,Luton Town,Liverpool,1,1,Completed
2023/24,Premier League,2023-11-05,Nottingham,Aston Villa,2,0,Completed
2023/24,Premier League,2023-11-06,Tottenham,Chelsea,1,4,Completed
2023/24,Premier League,2023-11-11,Arsenal,Burnley,3,1,Completed
2023/24,Premier League,2023-11-11,Bournemouth,Newcastle,2,0,Completed
2023/24,Premier League,2023-11-11,Crystal Palace,Everton,2,3,Completed
2023/24,Premier League,2023-11-11,Manchester Utd,Luton Town,1,0,Completed
2023/24,Premier League,2023-11-11,Wolves,Tottenham,2,1,Completed
2023/24,Premier League,2023-11-12,Aston Villa,Fulham,3,1,Completed
2023/24,Premier League,2023-11-12,Brighton,Sheffield United,1,1,Completed
2023/24,Premier League,2023-11-12,Chelsea,Manchester City,4,4,Completed
2023/24,Premier League,2023-11-12,Liverpool,Brentford,3,0,Completed
2023/24,Premier League,2023-11-12,West Ham,Nottingham,3,2,Completed
2023/24,Premier League,2023-11-25,Brentford,Arsenal,0,1,Completed
2023/24,Premier League,2023-11-25,Burnley,West Ham,1,2,Completed
2023/24,Premier League,2023-11-25,Luton Town,Crystal Palace,2,1,Completed
2023/24,Premier League,2023-11-25,Manchester City,Liverpool,1,1,Completed
2023/24,Premier League,2023-11-25,Newcastle,Chelsea,4,1,Completed
2023/24,Premier League,2023-11-25,Nottingham,Brighton,2,3,Completed
2023/24,Premier League,2023-11-25,Sheffield United,Bournemouth,1,3,Completed
2023/24,Premier League,2023-11-26,Everton,Manchester Utd,0,3,Completed
2023/24,Premier League,2023-11-26,Tottenham,Aston Villa,1,2,Completed
2023/24,Premier League,2023-11-27,Fulham,Wolves,3,2,Completed
2023/24,Premier League,2023-12-02,Arsenal,Wolves,2,1,Completed
2023/24,Premier League,2023-12-02,Brentford,Luton Town,3,1,Completed
2023/24,Premier League,2023-12-02,Burnley,Sheffield United,5,0,Completed
2023/24,Premier League,2023-12-02,Newcastle,Manchester Utd,1,0,Completed
2023/24,Premier League,2023-12-02,Nottingham,Everton,0,1,Completed
2023/24,Premier League,2023-12-03,Bournemouth,Aston Villa,2,2,Completed
2023/24,Premier League,2023-12-03,Chelsea,Brighton,3,2,Completed
2023/24,Premier League,2023-12-03,Liverpool,Fulham,4,3,Completed
2023/24,Premier League,2023-12-03,Manchester City,Tottenham,3,3,Completed
2023/24,Premier League,2023-12-03,West Ham,Crystal Palace,1,1,Completed
2023/24,Premier League,2023-12-05,Luton Town,Arsenal,3,4,Completed
2023/24,Premier League,2023-12-05,Wolves,Burnley,1,0,Completed
2023/24,Premier League,2023-12-06,Aston Villa,Manchester City,1,0,Completed
2023/24,Premier League,2023-12-06,Brighton,Brentford,2,1,Completed
2023/24,Premier League,2023-12-06,Crystal Palace,Bournemouth,0,2,Completed
2023/24,Premier League,2023-12-06,Fulham,Nottingham,5,0,Completed
2023/24,Premier League,2023-12-06,Manchester Utd,Chelsea,2,1,Completed
2023/24,Premier League,2023-12-06,Sheffield United,Liverpool,0,2,Completed
2023/24,Premier League,2023-12-07,Everton,Newcastle,3,0,Completed
2023/24,Premier League,2023-12-07,Tottenham,West Ham,1,2,Completed
2023/24,Premier League,2023-12-09,Aston Villa,Arsenal,1,0,Completed
2023/24,Premier League,2023-12-09,Brighton,Burnley,1,1,Completed
2023/24,Premier League,2023-12-09,Crystal Palace,Liverpool,1,2,Completed
2023/24,Premier League,2023-12-09,Manchester Utd,Bournemouth,0,3,Completed
2023/24,Premier League,2023-12-09,Sheffield United,Brentford,1,0,Completed
2023/24,Premier League,2023-12-09,Wolves,Nottingham,1,1,Completed
2023/24,Premier League,2023-12-10,Everton,Chelsea,2,0,Completed
2023/24,Premier League,2023-12-10,Fulham,West Ham,5,0,Completed
2023/24,Premier League,2023-12-10,Luton Town,Manchester City,1,2,Completed
2023/24,Premier League,2023-12-10,Tottenham,Newcastle,4,1,Completed
2023/24,Premier League,2023-12-15,Nottingham,Tottenham,0,2,Completed
2023/24,Premier League,2023-12-16,Burnley,Everton,0,2,Completed
2023/24,Premier League,2023-12-16,Chelsea,Sheffield United,2,0,Completed
2023/24,Premier League,2023-12-16,Manchester City,Crystal Palace,2,2,Completed
2023/24,Premier League,2023-12-16,Newcastle,Fulham,3,0,Completed
2023/24,Premier League,2023-12-17,Arsenal,Brighton,2,0,Completed
2023/24,Premier League,2023-12-17,Brentford,Aston Villa,1,2,Completed
2023/24,Premier League,2023-12-17,Liverpool,Manchester Utd,0,0,Completed
2023/24,Premier League,2023-12-17,West Ham,Wolves,3,0,Completed
2023/24,Premier League,2023-12-21,Crystal Palace,Brighton,1,1,Completed
2023/24,Premier League,2023-12-22,Aston Villa,Sheffield United,1,1,Completed
2023/24,Premier League,2023-12-23,Fulham,Burnley,0,2,Completed
2023/24,Premier League,2023-12-23,Liverpool,Arsenal,1,1,Completed
2023/24,Premier League,2023-12-23,Luton Town,Newcastle,1,0,Completed
2023/24,Premier League,2023-12-23,Nottingham,Bournemouth,2,3,Completed
2023/24,Premier League,2023-12-23,Tottenham,Everton,2,1,Completed
2023/24,Premier League,2023-12-23,West Ham,Manchester Utd,2,0,Completed
2023/24,Premier League,2023-12-24,Wolves,Chelsea,2,1,Completed
2023/24,Premier League,2023-12-26,Bournemouth,Fulham,3,0,Completed
2023/24,Premier League,2023-12-26,Burnley,Liverpool,0,2,Completed
2023/24,Premier League,2023-12-26,Manchester Utd,Aston Villa,3,2,Completed
2023/24,Premier League,2023-12-26,Newcastle,Nottingham,1,3,Completed
2023/24,Premier League,2023-12-26,Sheffield United,Luton Town,2,3,Completed
2023/24,Premier League,2023-12-27,Brentford,Wolves,1,4,Completed
2023/24,Premier League,2023-12-27,Chelsea,Crystal Palace,2,1,Completed
2023/24,Premier League,2023-12-27,Everton,Manchester City,1,3,Completed
2023/24,Premier League,2023-12-28,Arsenal,West Ham,0,2,Completed
2023/24,Premier League,2023-12-28,Brighton,Tottenham,4,2,Completed
2023/24,Premier League,2023-12-30,Aston Villa,Burnley,3,2,Completed
2023/24,Premier League,2023-12-30,Crystal Palace,Brentford,3,1,Completed
2023/24,Premier League,2023-12-30,Luton Town,Chelsea,2,3,Completed
2023/24,Premier League,2023-12-30,Manchester City,Sheffield United,2,0,Completed
2023/24,Premier League,2023-12-30,Nottingham,Manchester Utd,2,1,Completed
2023/24,Premier League,2023-12-30,Wolves,Everton,3,0,Completed
2023/24,Premier League,2023-12-31,Fulham,Arsenal,2,1,Completed
2023/24,Premier League,2023-12-31,Tottenham,Bournemouth,3,1,Completed
2023/24,Premier League,2024-01-01,Liverpool,Newcastle,4,2,Completed
2023/24,Premier League,2024-01-02,West Ham,Brighton,0,0,Completed
2023/24,Premier League,2024-01-12,Burnley,Luton Town,1,1,Completed
2023/24,Premier League,2024-01-13,Chelsea,Fulham,1,0,Completed
2023/24,Premier League,2024-01-13,Newcastle,Manchester City,2,3,Completed
2023/24,Premier League,2024-01-14,Everton,Aston Villa,0,0,Completed
2023/24,Premier League,2024-01-14,Manchester Utd,Tottenham,2,2,Completed
2023/24,Premier League,2024-01-20,Arsenal,Crystal Palace,5,0,Completed
2023/24,Premier League,2024-01-20,Brentford,Nottingham,3,2,Completed
2023/24,Premier League,2024-01-21,Bournemouth,Liverpool,0,4,Completed
2023/24,Premier League,2024-01-21,Sheffield United,West Ham,2,2,Completed
2023/24,Premier League,2024-01-22,Brighton,Wolves,0,0,Completed
2023/24,Premier League,2024-01-30,Aston Villa,Newcastle,1,3,Completed
2023/24,Premier League,2024-01-30,Crystal Palace,Sheffield United,3,2,Completed
2023/24,Premier League,2024-01-30,Fulham,Everton,0,0,Completed
2023/24,Premier League,2024-01-30,Luton Town,Brighton,4,0,Completed
2023/24,Premier League,2024-01-30,Nottingham,Arsenal,1,2,Completed
2023/24,Premier League,2024-01-31,Liverpool,Chelsea,4,1,Completed
2023/24,Premier League,2024-01-31,Manchester City,Burnley,3,1,Completed
2023/24,Premier League,2024-01-31,Tottenham,Brentford,3,2,Completed
2023/24,Premier League,2024-02-01,West Ham,Bournemouth,1,1,Completed
2023/24,Premier League,2024-02-01,Wolves,Manchester Utd,3,4,Completed
2023/24,Premier League,2024-02-03,Brighton,Crystal Palace,4,1,Completed
2023/24,Premier League,2024-02-03,Burnley,Fulham,2,2,Completed
2023/24,Premier League,2024-02-03,Everton,Tottenham,2,2,Completed
2023/24,Premier League,2024-02-03,Newcastle,Luton Town,4,4,Completed
2023/24,Premier League,2024-02-03,Sheffield United,Aston Villa,0,5,Completed
2023/24,Premier League,2024-02-04,Arsenal,Liverpool,3,1,Completed
2023/24,Premier League,2024-02-04,Bournemouth,Nottingham,1,1,Completed
2023/24,Premier League,2024-02-04,Chelsea,Wolves,2,4,Completed
2023/24,Premier League,2024-02-04,Manchester Utd,West Ham,3,0,Completed
2023/24,Premier League,2024-02-05,Brentford,Manchester City,1,3,Completed
2023/24,Premier League,2024-02-10,Fulham,Bournemouth,3,1,Completed
2023/24,Premier League,2024-02-10,Liverpool,Burnley,3,1,Completed
2023/24,Premier League,2024-02-10,Luton Town,Sheffield United,1,3,Completed
2023/24,Premier League,2024-02-10,Manchester City,Everton,2,0,Completed
2023/24,Premier League,2024-02-10,Nottingham,Newcastle,2,3,Completed
2023/24,Premier League,2024-02-10,Tottenham,Brighton,2,1,Completed
2023/24,Premier League,2024-02-10,Wolves,Brentford,0,2,Completed
2023/24,Premier League,2024-02-11,Aston Villa,Manchester Utd,1,2,Completed
2023/24,Premier League,2024-02-11,West Ham,Arsenal,0,6,Completed
2023/24,Premier League,2024-02-12,Crystal Palace,Chelsea,1,3,Completed
2023/24,Premier League,2024-02-17,Brentford,Liverpool,1,4,Completed
2023/24,Premier League,2024-02-17,Burnley,Arsenal,0,5,Completed
2023/24,Premier League,2024-02-17,Fulham,Aston Villa,1,2,Completed
2023/24,Premier League,2024-02-17,Manchester City,Chelsea,1,1,Completed
2023/24,Premier League,2024-02-17,Newcastle,Bournemouth,2,2,Completed
2023/24,Premier League,2024-02-17,Nottingham,West Ham,2,0,Completed
2023/24,Premier League,2024-02-17,Tottenham,Wolves,1,2,Completed
2023/24,Premier League,2024-02-18,Luton Town,Manchester Utd,1,2,Completed
2023/24,Premier League,2024-02-18,Sheffield United,Brighton,0,5,Completed
2023/24,Premier League,2024-02-19,Everton,Crystal Palace,1,1,Completed
2023/24,Premier League,2024-02-20,Manchester City,Brentford,1,0,Completed
2023/24,Premier League,2024-02-21,Liverpool,Luton Town,4,1,Completed
2023/24,Premier League,2024-02-24,Arsenal,Newcastle,4,1,Completed
2023/24,Premier League,2024-02-24,Aston Villa,Nottingham,4,2,Completed
2023/24,Premier League,2024-02-24,Bournemouth,Manchester City,0,1,Completed
2023/24,Premier League,2024-02-24,Brighton,Everton,1,1,Completed
2023/24,Premier League,2024-02-24,Crystal Palace,Burnley,3,0,Completed
2023/24,Premier League,2024-02-24,Manchester Utd,Fulham,1,2,Completed
2023/24,Premier League,2024-02-25,Wolves,Sheffield United,1,0,Completed
2023/24,Premier League,2024-02-26,West Ham,Brentford,4,2,Completed
2023/24,Premier League,2024-03-02,Brentford,Chelsea,2,2,Completed
2023/24,Premier League,2024-03-02,Everton,West Ham,1,3,Completed
2023/24,Premier League,2024-03-02,Fulham,Brighton,3,0,Completed
2023/24,Premier League,2024-03-02,Luton Town,Aston Villa,2,3,Completed
2023/24,Premier League,2024-03-02,Newcastle,Wolves,3,0,Completed
2023/24,Premier League,2024-03-02,Nottingham,Liverpool,0,1,Completed
2023/24,Premier League,2024-03-02,Tottenham,Crystal Palace,3,1,Completed
2023/24,Premier League,2024-03-03,Burnley,Bournemouth,0,2,Completed
2023/24,Premier League,2024-03-03,Manchester City,Manchester Utd,3,1,Completed
2023/24,Premier League,2024-03-04,Sheffield United,Arsenal,0,6,Completed
2023/24,Premier League,2024-03-09,Arsenal,Brentford,2,1,Completed
2023/24,Premier League,2024-03-09,Bournemouth,Sheffield United,2,2,Completed
2023/24,Premier League,2024-03-09,Crystal Palace,Luton Town,1,1,Completed
2023/24,Premier League,2024-03-09,Manchester Utd,Everton,2,0,Completed
2023/24,Premier League,2024-03-09,Wolves,Fulham,2,1,Completed
2023/24,Premier League,2024-03-10,Aston Villa,Tottenham,0,4,Completed
2023/24,Premier League,2024-03-10,Brighton,Nottingham,1,0,Completed
2023/24,Premier League,2024-03-10,Liverpool,Manchester City,1,1,Completed
2023/24,Premier League,2024-03-10,West Ham,Burnley,2,2,Completed
2023/24,Premier League,2024-03-11,Chelsea,Newcastle,3,2,Completed
2023/24,Premier League,2024-03-13,Bournemouth,Luton Town,4,3,Completed
2023/24,Premier League,2024-03-16,Burnley,Brentford,2,1,Completed
2023/24,Premier League,2024-03-16,Fulham,Tottenham,3,0,Completed
2023/24,Premier League,2024-03-16,Luton Town,Nottingham,1,1,Completed
2023/24,Premier League,2024-03-17,West Ham,Aston Villa,1,1,Completed
2023/24,Premier League,2024-03-30,Aston Villa,Wolves,2,0,Completed
2023/24,Premier League,2024-03-30,Bournemouth,Everton,2,1,Completed
2023/24,Premier League,2024-03-30,Brentford,Manchester Utd,1,1,Completed
2023/24,Premier League,2024-03-30,Chelsea,Burnley,2,2,Completed
2023/24,Premier League,2024-03-30,Newcastle,West Ham,4,3,Completed
2023/24,Premier League,2024-03-30,Nottingham,Crystal Palace,1,1,Completed
2023/24,Premier League,2024-03-30,Sheffield United,Fulham,3,3,Completed
2023/24,Premier League,2024-03-30,Tottenham,Luton Town,2,1,Completed
2023/24,Premier League,2024-03-31,Liverpool,Brighton,2,1,Completed
2023/24,Premier League,2024-03-31,Manchester City,Arsenal,0,0,Completed
2023/24,Premier League,2024-04-02,Bournemouth,Crystal Palace,1,0,Completed
2023/24,Premier League,2024-04-02,Burnley,Wolves,1,1,Completed
2023/24,Premier League,2024-04-02,Newcastle,Everton,1,1,Completed
2023/24,Premier League,2024-04-02,Nottingham,Fulham,3,1,Completed
2023/24,Premier League,2024-04-02,West Ham,Tottenham,1,1,Completed
2023/24,Premier League,2024-04-03,Arsenal,Luton Town,2,0,Completed
2023/24,Premier League,2024-04-03,Brentford,Brighton,0,0,Completed
2023/24,Premier League,2024-04-03,Manchester City,Aston Villa,4,1,Completed
2023/24,Premier League,2024-04-04,Chelsea,Manchester Utd,4,3,Completed
2023/24,Premier League,2024-04-04,Liverpool,Sheffield United,3,1,Completed
2023/24,Premier League,2024-04-06,Aston Villa,Brentford,3,3,Completed
2023/24,Premier League,2024-04-06,Brighton,Arsenal,0,3,Completed
2023/24,Premier League,2024-04-06,Crystal Palace,Manchester City,2,4,Completed
2023/24,Premier League,2024-04-06,Everton,Burnley,1,0,Completed
2023/24,Premier League,2024-04-06,Fulham,Newcastle,0,1,Completed
2023/24,Premier League,2024-04-06,Luton Town,Bournemouth,2,1,Completed
2023/24,Premier League,2024-04-06,Wolves,West Ham,1,2,Completed
2023/24,Premier League,2024-04-07,Manchester Utd,Liverpool,2,2,Completed
2023/24,Premier League,2024-04-07,Sheffield United,Chelsea,2,2,Completed
2023/24,Premier League,2024-04-07,Tottenham,Nottingham,3,1,Completed
2023/24,Premier League,2024-04-13,Bournemouth,Manchester Utd,2,2,Completed
2023/24,Premier League,2024-04-13,Brentford,Sheffield United,2,0,Completed
2023/24,Premier League,2024-04-13,Burnley,Brighton,1,1,Completed
2023/24,Premier League,2024-04-13,Manchester City,Luton Town,5,1,Completed
2023/24,Premier League,2024-04-13,Newcastle,Tottenham,4,0,Completed
2023/24,Premier League,2024-04-13,Nottingham,Wolves,2,2,Completed
2023/24,Premier League,2024-04-14,Arsenal,Aston Villa,0,2,Completed
2023/24,Premier League,2024-04-14,Liverpool,Crystal Palace,0,1,Completed
2023/24,Premier League,2024-04-14,West Ham,Fulham,0,2,Completed
2023/24,Premier League,2024-04-15,Chelsea,Everton,6,0,Completed
2023/24,Premier League,2024-04-20,Luton Town,Brentford,1,5,Completed
2023/24,Premier League,2024-04-20,Sheffield United,Burnley,1,4,Completed
2023/24,Premier League,2024-04-20,Wolves,Arsenal,0,2,Completed
2023/24,Premier League,2024-04-21,Aston Villa,Bournemouth,3,1,Completed
2023/24,Premier League,2024-04-21,Crystal Palace,West Ham,5,2,Completed
2023/24,Premier League,2024-04-21,Everton,Nottingham,2,0,Completed
2023/24,Premier League,2024-04-21,Fulham,Liverpool,1,3,Completed
2023/24,Premier League,2024-04-23,Arsenal,Chelsea,5,0,Completed
2023/24,Premier League,2024-04-24,Crystal Palace,Newcastle,2,0,Completed
2023/24,Premier League,2024-04-24,Everton,Liverpool,2,0,Completed
2023/24,Premier League,2024-04-24,Manchester Utd,Sheffield United,4,2,Completed
2023/24,Premier League,2024-04-24,Wolves,Bournemouth,0,1,Completed
2023/24,Premier League,2024-04-25,Brighton,Manchester City,0,4,Completed
2023/24,Premier League,2024-04-27,Aston Villa,Chelsea,2,2,Completed
2023/24,Premier League,2024-04-27,Everton,Brentford,1,0,Completed
2023/24,Premier League,2024-04-27,Fulham,Crystal Palace,1,1,Completed
2023/24,Premier League,2024-04-27,Manchester Utd,Burnley,1,1,Completed
2023/24,Premier League,2024-04-27,Newcastle,Sheffield United,5,1,Completed
2023/24,Premier League,2024-04-27,West Ham,Liverpool,2,2,Completed
2023/24,Premier League,2024-04-27,Wolves,Luton Town,2,1,Completed
2023/24,Premier League,2024-04-28,Bournemouth,Brighton,3,0,Completed
2023/24,Premier League,2024-04-28,Nottingham,Manchester City,0,2,Completed
2023/24,Premier League,2024-04-28,Tottenham,Arsenal,2,3,Completed
2023/24,Premier League,2024-05-02,Chelsea,Tottenham,2,0,Completed
2023/24,Premier League,2024-05-03,Luton Town,Everton,1,1,Completed
2023/24,Premier League,2024-05-04,Arsenal,Bournemouth,3,0,Completed
2023/24,Premier League,2024-05-04,Brentford,Fulham,0,0,Completed
2023/24,Premier League,2024-05-04,Burnley,Newcastle,1,4,Completed
2023/24,Premier League,2024-05-04,Manchester City,Wolves,5,1,Completed
2023/24,Premier League,2024-05-04,Sheffield United,Nottingham,1,3,Completed
2023/24,Premier League,2024-05-05,Brighton,Aston Villa,1,0,Completed
2023/24,Premier League,2024-05-05,Chelsea,West Ham,5,0,Completed
2023/24,Premier League,2024-05-05,Liverpool,Tottenham,4,2,Completed
2023/24,Premier League,2024-05-06,Crystal Palace,Manchester Utd,4,0,Completed
2023/24,Premier League,2024-05-11,Bournemouth,Brentford,1,2,Completed
2023/24,Premier League,2024-05-11,Everton,Sheffield United,1,0,Completed
2023/24,Premier League,2024-05-11,Fulham,Manchester City,0,4,Completed
2023/24,Premier League,2024-05-11,Newcastle,Brighton,1,1,Completed
2023/24,Premier League,2024-05-11,Nottingham,Chelsea,2,3,Completed
2023/24,Premier League,2024-05-11,Tottenham,Burnley,2,1,Completed
2023/24,Premier League,2024-05-11,West Ham,Luton Town,3,1,Completed
2023/24,Premier League,2024-05-11,Wolves,Crystal Palace,1,3,Completed
2023/24,Premier League,2024-05-12,Manchester Utd,Arsenal,0,1,Completed
2023/24,Premier League,2024-05-13,Aston Villa,Liverpool,3,3,Completed
2023/24,Premier League,2024-05-14,Tottenham,Manchester City,0,2,Completed
2023/24,Premier League,2024-05-15,Brighton,Chelsea,1,2,Completed
2023/24,Premier League,2024-05-15,Manchester Utd,Newcastle,3,2,Completed
2023/24,Premier League,2024-05-19,Arsenal,Everton,2,1,Completed
2023/24,Premier League,2024-05-19,Brentford,Newcastle,2,4,Completed
2023/24,Premier League,2024-05-19,Brighton,Manchester Utd,0,2,Completed
2023/24,Premier League,2024-05-19,Burnley,Nottingham,1,2,Completed
2023/24,Premier League,2024-05-19,Chelsea,Bournemouth,2,1,Completed
2023/24,Premier League,2024-05-19,Crystal Palace,Aston Villa,5,0,Completed
2023/24,Premier League,2024-05-19,Liverpool,Wolves,2,0,Completed
2023/24,Premier League,2024-05-19,Luton Town,Fulham,2,4,Completed
2023/24,Premier League,2024-05-19,Manchester City,West Ham,3,1,Completed
2023/24,Premier League,2024-05-19,Sheffield United,Tottenham,0,3,Completed
2024/25,Premier League,2024-08-16,Manchester Utd,Fulham,1,0,Completed
2024/25,Premier League,2024-08-17,Arsenal,Wolves,2,0,Completed
2024/25,Premier League,2024-08-17,Everton,Brighton,0,3,Completed
2024/25,Premier League,2024-08-17,Ipswich Town,Liverpool,0,2,Completed
2024/25,Premier League,2024-08-17,Newcastle,Southampton,1,0,Completed
2024/25,Premier League,2024-08-17,Nottingham,Bournemouth,1,1,Completed
2024/25,Premier League,2024-08-17,West Ham,Aston Villa,1,2,Completed
2024/25,Premier League,2024-08-18,Brentford,Crystal Palace,2,1,Completed
2024/25,Premier League,2024-08-18,Chelsea,Manchester City,0,2,Completed
2024/25,Premier League,2024-08-19,Leicester City,Tottenham,1,1,Completed
2024/25,Premier League,2024-08-24,Aston Villa,Arsenal,0,2,Completed
2024/25,Premier League,2024-08-24,Brighton,Manchester Utd,2,1,Completed
2024/25,Premier League,2024-08-24,Crystal Palace,West Ham,0,2,Completed
2024/25,Premier League,2024-08-24,Fulham,Leicester City,2,1,Completed
2024/25,Premier League,2024-08-24,Manchester City,Ipswich Town,4,1,Completed
2024/25,Premier League,2024-08-24,Southampton,Nottingham,0,1,Completed
2024/25,Premier League,2024-08-24,Tottenham,Everton,4,0,Completed
2024/25,Premier League,2024-08-25,Bournemouth,Newcastle,1,1,Completed
2024/25,Premier League,2024-08-25,Liverpool,Brentford,2,0,Completed
2024/25,Premier League,2024-08-25,Wolves,Chelsea,2,6,Completed
2024/25,Premier League,2024-08-31,Arsenal,Brighton,1,1,Completed
2024/25,Premier League,2024-08-31,Brentford,Southampton,3,1,Completed
2024/25,Premier League,2024-08-31,Everton,Bournemouth,2,3,Completed
2024/25,Premier League,2024-08-31,Ipswich Town,Fulham,1,1,Completed
2024/25,Premier League,2024-08-31,Leicester City,Aston Villa,1,2,Completed
2024/25,Premier League,2024-08-31,Nottingham,Wolves,1,1,Completed
2024/25,Premier League,2024-08-31,West Ham,Manchester City,1,3,Completed
2024/25,Premier League,2024-09-01,Chelsea,Crystal Palace,1,1,Completed
2024/25,Premier League,2024-09-01,Manchester Utd,Liverpool,0,3,Completed
2024/25,Premier League,2024-09-01,Newcastle,Tottenham,2,1,Completed
2024/25,Premier League,2024-09-14,Aston Villa,Everton,3,2,Completed
2024/25,Premier League,2024-09-14,Bournemouth,Chelsea,0,1,Completed
2024/25,Premier League,2024-09-14,Brighton,Ipswich Town,0,0,Completed
2024/25,Premier League,2024-09-14,Crystal Palace,Leicester City,2,2,Completed
2024/25,Premier League,2024-09-14,Fulham,West Ham,1,1,Completed
2024/25,Premier League,2024-09-14,Liverpool,Nottingham,0,1,Completed
2024/25,Premier League,2024-09-14,Manchester City,Brentford,2,1,Completed
2024/25,Premier League,2024-09-14,Southampton,Manchester Utd,0,3,Completed
2024/25,Premier League,2024-09-15,Tottenham,Arsenal,0,1,Completed
2024/25,Premier League,2024-09-15,Wolves,Newcastle,1,2,Completed
2024/25,Premier League,2024-09-21,Aston Villa,Wolves,3,1,Completed
2024/25,Premier League,2024-09-21,Crystal Palace,Manchester Utd,0,0,Completed
2024/25,Premier League,2024-09-21,Fulham,Newcastle,3,1,Completed
2024/25,Premier League,2024-09-21,Leicester City,Everton,1,1,Completed
2024/25,Premier League,2024-09-21,Liverpool,Bournemouth,3,0,Completed
2024/25,Premier League,2024-09-21,Southampton,Ipswich Town,1,1,Completed
2024/25,Premier League,2024-09-21,Tottenham,Brentford,3,1,Completed
2024/25,Premier League,2024-09-21,West Ham,Chelsea,0,3,Completed
2024/25,Premier League,2024-09-22,Brighton,Nottingham,2,2,Completed
2024/25,Premier League,2024-09-22,Manchester City,Arsenal,2,2,Completed
2024/25,Premier League,2024-09-28,Arsenal,Leicester City,4,2,Completed
2024/25,Premier League,2024-09-28,Brentford,West Ham,1,1,Completed
2024/25,Premier League,2024-09-28,Chelsea,Brighton,4,2,Completed
2024/25,Premier League,2024-09-28,Everton,Crystal Palace,2,1,Completed
2024/25,Premier League,2024-09-28,Newcastle,Manchester City,1,1,Completed
2024/25,Premier League,2024-09-28,Nottingham,Fulham,0,1,Completed
2024/25,Premier League,2024-09-28,Wolves,Liverpool,1,2,Completed
2024/25,Premier League,2024-09-29,Ipswich Town,Aston Villa,2,2,Completed
2024/25,Premier League,2024-09-29,Manchester Utd,Tottenham,0,3,Completed
2024/25,Premier League,2024-09-30,Bournemouth,Southampton,3,1,Completed
2024/25,Premier League,2024-10-05,Arsenal,Southampton,3,1,Completed
2024/25,Premier League,2024-10-05,Brentford,Wolves,5,3,Completed
2024/25,Premier League,2024-10-05,Crystal Palace,Liverpool,0,1,Completed
2024/25,Premier League,2024-10-05,Everton,Newcastle,0,0,Completed
2024/25,Premier League,2024-10-05,Leicester City,Bournemouth,1,0,Completed
2024/25,Premier League,2024-10-05,Manchester City,Fulham,3,2,Completed
2024/25,Premier League,2024-10-05,West Ham,Ipswich Town,4,1,Completed
2024/25,Premier League,2024-10-06,Aston Villa,Manchester Utd,0,0,Completed
2024/25,Premier League,2024-10-06,Brighton,Tottenham,3,2,Completed
2024/25,Premier League,2024-10-06,Chelsea,Nottingham,1,1,Completed
2024/25,Premier League,2024-10-19,Bournemouth,Arsenal,2,0,Completed
2024/25,Premier League,2024-10-19,Fulham,Aston Villa,1,3,Completed
2024/25,Premier League,2024-10-19,Ipswich Town,Everton,0,2,Completed
2024/25,Premier League,2024-10-19,Manchester Utd,Brentford,2,1,Completed
2024/25,Premier League,2024-10-19,Newcastle,Brighton,0,1,Completed
2024/25,Premier League,2024-10-19,Southampton,Leicester City,2,3,Completed
2024/25,Premier League,2024-10-19,Tottenham,West Ham,4,1,Completed
2024/25,Premier League,2024-10-20,Liverpool,Chelsea,2,1,Completed
2024/25,Premier League,2024-10-20,Wolves,Manchester City,1,2,Completed
2024/25,Premier League,2024-10-21,Nottingham,Crystal Palace,1,0,Completed
2024/25,Premier League,2024-10-25,Leicester City,Nottingham,1,3,Completed
2024/25,Premier League,2024-10-26,Aston Villa,Bournemouth,1,1,Completed
2024/25,Premier League,2024-10-26,Brentford,Ipswich Town,4,3,Completed
2024/25,Premier League,2024-10-26,Brighton,Wolves,2,2,Completed
2024/25,Premier League,2024-10-26,Everton,Fulham,1,1,Completed
2024/25,Premier League,2024-10-26,Manchester City,Southampton,1,0,Completed
2024/25,Premier League,2024-10-27,Arsenal,Liverpool,2,2,Completed
2024/25,Premier League,2024-10-27,Chelsea,Newcastle,2,1,Completed
2024/25,Premier League,2024-10-27,Crystal Palace,Tottenham,1,0,Completed
2024/25,Premier League,2024-10-27,West Ham,Manchester Utd,2,1,Completed
2024/25,Premier League,2024-11-02,Bournemouth,Manchester City,2,1,Completed
2024/25,Premier League,2024-11-02,Ipswich Town,Leicester City,1,1,Completed
2024/25,Premier League,2024-11-02,Liverpool,Brighton,2,1,Completed
2024/25,Premier League,2024-11-02,Newcastle,Arsenal,1,0,Completed
2024/25,Premier League,2024-11-02,Nottingham,West Ham,3,0,Completed
2024/25,Premier League,2024-11-02,Southampton,Everton,1,0,Completed
2024/25,Premier League,2024-11-02,Wolves,Crystal Palace,2,2,Completed
2024/25,Premier League,2024-11-03,Manchester Utd,Chelsea,1,1,Completed
2024/25,Premier League,2024-11-03,Tottenham,Aston Villa,4,1,Completed
2024/25,Premier League,2024-11-04,Fulham,Brentford,2,1,Completed
2024/25,Premier League,2024-11-09,Brentford,Bournemouth,3,2,Completed
2024/25,Premier League,2024-11-09,Brighton,Manchester City,2,1,Completed
2024/25,Premier League,2024-11-09,Crystal Palace,Fulham,0,2,Completed
2024/25,Premier League,2024-11-09,Liverpool,Aston Villa,2,0,Completed
2024/25,Premier League,2024-11-09,West Ham,Everton,0,0,Completed
2024/25,Premier League,2024-11-09,Wolves,Southampton,2,0,Completed
2024/25,Premier League,2024-11-10,Chelsea,Arsenal,1,1,Completed
2024/25,Premier League,2024-11-10,Manchester Utd,Leicester City,3,0,Completed
2024/25,Premier League,2024-11-10,Nottingham,Newcastle,1,3,Completed
2024/25,Premier League,2024-11-10,Tottenham,Ipswich Town,1,2,Completed
2024/25,Premier League,2024-11-23,Arsenal,Nottingham,3,0,Completed
2024/25,Premier League,2024-11-23,Aston Villa,Crystal Palace,2,2,Completed
2024/25,Premier League,2024-11-23,Bournemouth,Brighton,1,2,Completed
2024/25,Premier League,2024-11-23,Everton,Brentford,0,0,Completed
2024/25,Premier League,2024-11-23,Fulham,Wolves,1,4,Completed
2024/25,Premier League,2024-11-23,Leicester City,Chelsea,1,2,Completed
2024/25,Premier League,2024-11-23,Manchester City,Tottenham,0,4,Completed
2024/25,Premier League,2024-11-24,Ipswich Town,Manchester Utd,1,1,Completed
2024/25,Premier League,2024-11-24,Southampton,Liverpool,2,3,Completed
2024/25,Premier League,2024-11-25,Newcastle,West Ham,0,2,Completed
2024/25,Premier League,2024-11-29,Brighton,Southampton,1,1,Completed
2024/25,Premier League,2024-11-30,Brentford,Leicester City,4,1,Completed
2024/25,Premier League,2024-11-30,Crystal Palace,Newcastle,1,1,Completed
2024/25,Premier League,2024-11-30,Nottingham,Ipswich Town,1,0,Completed
2024/25,Premier League,2024-11-30,West Ham,Arsenal,2,5,Completed
2024/25,Premier League,2024-11-30,Wolves,Bournemouth,2,4,Completed
2024/25,Premier League,2024-12-01,Chelsea,Aston Villa,3,0,Completed
2024/25,Premier League,2024-12-01,Liverpool,Manchester City,2,0,Completed
2024/25,Premier League,2024-12-01,Manchester Utd,Everton,4,0,Completed
2024/25,Premier League,2024-12-01,Tottenham,Fulham,1,1,Completed
2024/25,Premier League,2024-12-03,Ipswich Town,Crystal Palace,0,1,Completed
2024/25,Premier League,2024-12-03,Leicester City,West Ham,3,1,Completed
2024/25,Premier League,2024-12-04,Arsenal,Manchester Utd,2,0,Completed
2024/25,Premier League,2024-12-04,Aston Villa,Brentford,3,1,Completed
2024/25,Premier League,2024-12-04,Everton,Wolves,4,0,Completed
2024/25,Premier League,2024-12-04,Manchester City,Nottingham,3,0,Completed
2024/25,Premier League,2024-12-04,Newcastle,Liverpool,3,3,Completed
2024/25,Premier League,2024-12-04,Southampton,Chelsea,1,5,Completed
2024/25,Premier League,2024-12-05,Bournemouth,Tottenham,1,0,Completed
2024/25,Premier League,2024-12-05,Fulham,Brighton,3,1,Completed
2024/25,Premier League,2024-12-07,Aston Villa,Southampton,1,0,Completed
2024/25,Premier League,2024-12-07,Brentford,Newcastle,4,2,Completed
2024/25,Premier League,2024-12-07,Crystal Palace,Manchester City,2,2,Completed
2024/25,Premier League,2024-12-07,Manchester Utd,Nottingham,2,3,Completed
2024/25,Premier League,2024-12-08,Fulham,Arsenal,1,1,Completed
2024/25,Premier League,2024-12-08,Ipswich Town,Bournemouth,1,2,Completed
2024/25,Premier League,2024-12-08,Leicester City,Brighton,2,2,Completed
2024/25,Premier League,2024-12-08,Tottenham,Chelsea,3,4,Completed
2024/25,Premier League,2024-12-09,West Ham,Wolves,2,1,Completed
2024/25,Premier League,2024-12-14,Arsenal,Everton,0,0,Completed
2024/25,Premier League,2024-12-14,Liverpool,Fulham,2,2,Completed
2024/25,Premier League,2024-12-14,Newcastle,Leicester City,4,0,Completed
2024/25,Premier League,2024-12-14,Nottingham,Aston Villa,2,1,Completed
2024/25,Premier League,2024-12-14,Wolves,Ipswich Town,1,2,Completed
2024/25,Premier League,2024-12-15,Brighton,Crystal Palace,1,3,Completed
2024/25,Premier League,2024-12-15,Chelsea,Brentford,2,1,Completed
2024/25,Premier League,2024-12-15,Manchester City,Manchester Utd,1,2,Completed
2024/25,Premier League,2024-12-15,Southampton,Tottenham,0,5,Completed
2024/25,Premier League,2024-12-16,Bournemouth,West Ham,1,1,Completed
2024/25,Premier League,2024-12-21,Aston Villa,Manchester City,2,1,Completed
2024/25,Premier League,2024-12-21,Brentford,Nottingham,0,2,Completed
2024/25,Premier League,2024-12-21,Crystal Palace,Arsenal,1,5,Completed
2024/25,Premier League,2024-12-21,Ipswich Town,Newcastle,0,4,Completed
2024/25,Premier League,2024-12-21,West Ham,Brighton,1,1,Completed
2024/25,Premier League,2024-12-22,Everton,Chelsea,0,0,Completed
2024/25,Premier League,2024-12-22,Fulham,Southampton,0,0,Completed
2024/25,Premier League,2024-12-22,Leicester City,Wolves,0,3,Completed
2024/25,Premier League,2024-12-22,Manchester Utd,Bournemouth,0,3,Completed
2024/25,Premier League,2024-12-22,Tottenham,Liverpool,3,6,Completed
2024/25,Premier League,2024-12-26,Bournemouth,Crystal Palace,0,0,Completed
2024/25,Premier League,2024-12-26,Chelsea,Fulham,1,2,Completed
2024/25,Premier League,2024-12-26,Liverpool,Leicester City,3,1,Completed
2024/25,Premier League,2024-12-26,Manchester City,Everton,1,1,Completed
2024/25,Premier League,2024-12-26,Newcastle,Aston Villa,3,0,Completed
2024/25,Premier League,2024-12-26,Nottingham,Tottenham,1,0,Completed
2024/25,Premier League,2024-12-26,Southampton,West Ham,0,1,Completed
2024/25,Premier League,2024-12-26,Wolves,Manchester Utd,2,0,Completed
2024/25,Premier League,2024-12-27,Arsenal,Ipswich Town,1,0,Completed
2024/25,Premier League,2024-12-27,Brighton,Brentford,0,0,Completed
2024/25,Premier League,2024-12-29,Crystal Palace,Southampton,2,1,Completed
2024/25,Premier League,2024-12-29,Everton,Nottingham,0,2,Completed
2024/25,Premier League,2024-12-29,Fulham,Bournemouth,2,2,Completed
2024/25,Premier League,2024-12-29,Leicester City,Manchester City,0,2,Completed
2024/25,Premier League,2024-12-29,Tottenham,Wolves,2,2,Completed
2024/25,Premier League,2024-12-29,West Ham,Liverpool,0,5,Completed
2024/25,Premier League,2024-12-30,Aston Villa,Brighton,2,2,Completed
2024/25,Premier League,2024-12-30,Ipswich Town,Chelsea,2,0,Completed
2024/25,Premier League,2024-12-30,Manchester Utd,Newcastle,0,2,Completed
2024/25,Premier League,2025-01-01,Brentford,Arsenal,1,3,Completed
2024/25,Premier League,2025-01-04,Aston Villa,Leicester City,2,1,Completed
2024/25,Premier League,2025-01-04,Bournemouth,Everton,1,0,Completed
2024/25,Premier League,2025-01-04,Brighton,Arsenal,1,1,Completed
2024/25,Premier League,2025-01-04,Crystal Palace,Chelsea,1,1,Completed
2024/25,Premier League,2025-01-04,Manchester City,West Ham,4,1,Completed
2024/25,Premier League,2025-01-04,Southampton,Brentford,0,5,Completed
2024/25,Premier League,2025-01-04,Tottenham,Newcastle,1,2,Completed
2024/25,Premier League,2025-01-05,Fulham,Ipswich Town,2,2,Completed
2024/25,Premier League,2025-01-05,Liverpool,Manchester Utd,2,2,Completed
2024/25,Premier League,2025-01-06,Wolves,Nottingham,0,3,Completed
2024/25,Premier League,2025-01-14,Brentford,Manchester City,2,2,Completed
2024/25,Premier League,2025-01-14,Chelsea,Bournemouth,2,2,Completed
2024/25,Premier League,2025-01-14,Nottingham,Liverpool,1,1,Completed
2024/25,Premier League,2025-01-14,West Ham,Fulham,3,2,Completed
2024/25,Premier League,2025-01-15,Arsenal,Tottenham,2,1,Completed
2024/25,Premier League,2025-01-15,Everton,Aston Villa,0,1,Completed
2024/25,Premier League,2025-01-15,Leicester City,Crystal Palace,0,2,Completed
2024/25,Premier League,2025-01-15,Newcastle,Wolves,3,0,Completed
2024/25,Premier League,2025-01-16,Ipswich Town,Brighton,0,2,Completed
2024/25,Premier League,2025-01-16,Manchester Utd,Southampton,3,1,Completed
2024/25,Premier League,2025-01-18,Arsenal,Aston Villa,2,2,Completed
2024/25,Premier League,2025-01-18,Brentford,Liverpool,0,2,Completed
2024/25,Premier League,2025-01-18,Leicester City,Fulham,0,2,Completed
2024/25,Premier League,2025-01-18,Newcastle,Bournemouth,1,4,Completed
2024/25,Premier League,2025-01-18,West Ham,Crystal Palace,0,2,Completed
2024/25,Premier League,2025-01-19,Everton,Tottenham,3,2,Completed
2024/25,Premier League,2025-01-19,Ipswich Town,Manchester City,0,6,Completed
2024/25,Premier League,2025-01-19,Manchester Utd,Brighton,1,3,Completed
2024/25,Premier League,2025-01-19,Nottingham,Southampton,3,2,Completed
2024/25,Premier League,2025-01-20,Chelsea,Wolves,3,1,Completed
2024/25,Premier League,2025-01-25,Bournemouth,Nottingham,5,0,Completed
2024/25,Premier League,2025-01-25,Brighton,Everton,0,1,Completed
2024/25,Premier League,2025-01-25,Liverpool,Ipswich Town,4,1,Completed
2024/25,Premier League,2025-01-25,Manchester City,Chelsea,3,1,Completed
2024/25,Premier League,2025-01-25,Southampton,Newcastle,1,3,Completed
2024/25,Premier League,2025-01-25,Wolves,Arsenal,0,1,Completed
2024/25,Premier League,2025-01-26,Aston Villa,West Ham,1,1,Completed
2024/25,Premier League,2025-01-26,Crystal Palace,Brentford,1,2,Completed
2024/25,Premier League,2025-01-26,Fulham,Manchester Utd,0,1,Completed
2024/25,Premier League,2025-01-26,Tottenham,Leicester City,1,2,Completed
2024/25,Premier League,2025-02-01,Bournemouth,Liverpool,0,2,Completed
2024/25,Premier League,2025-02-01,Everton,Leicester City,4,0,Completed
2024/25,Premier League,2025-02-01,Ipswich Town,Southampton,1,2,Completed
2024/25,Premier League,2025-02-01,Newcastle,Fulham,1,2,Completed
2024/25,Premier League,2025-02-01,Nottingham,Brighton,7,0,Completed
2024/25,Premier League,2025-02-01,Wolves,Aston Villa,2,0,Completed
2024/25,Premier League,2025-02-02,Arsenal,Manchester City,5,1,Completed
2024/25,Premier League,2025-02-02,Brentford,Tottenham,0,2,Completed
2024/25,Premier League,2025-02-02,Manchester Utd,Crystal Palace,0,2,Completed
2024/25,Premier League,2025-02-03,Chelsea,West Ham,2,1,Completed
2024/25,Premier League,2025-02-12,Everton,Liverpool,2,2,Completed
2024/25,Premier League,2025-02-14,Brighton,Chelsea,3,0,Completed
2024/25,Premier League,2025-02-15,Aston Villa,Ipswich Town,1,1,Completed
2024/25,Premier League,2025-02-15,Crystal Palace,Everton,1,2,Completed
2024/25,Premier League,2025-02-15,Fulham,Nottingham,2,1,Completed
2024/25,Premier League,2025-02-15,Leicester City,Arsenal,0,2,Completed
2024/25,Premier League,2025-02-15,Manchester City,Newcastle,4,0,Completed
2024/25,Premier League,2025-02-15,Southampton,Bournemouth,1,3,Completed
2024/25,Premier League,2025-02-15,West Ham,Brentford,0,1,Completed
2024/25,Premier League,2025-02-16,Liverpool,Wolves,2,1,Completed
2024/25,Premier League,2025-02-16,Tottenham,Manchester Utd,1,0,Completed
2024/25,Premier League,2025-02-19,Aston Villa,Liverpool,2,2,Completed
2024/25,Premier League,2025-02-21,Leicester City,Brentford,0,4,Completed
2024/25,Premier League,2025-02-22,Arsenal,West Ham,0,1,Completed
2024/25,Premier League,2025-02-22,Aston Villa,Chelsea,2,1,Completed
2024/25,Premier League,2025-02-22,Bournemouth,Wolves,0,1,Completed
2024/25,Premier League,2025-02-22,Everton,Manchester Utd,2,2,Completed
2024/25,Premier League,2025-02-22,Fulham,Crystal Palace,0,2,Completed
2024/25,Premier League,2025-02-22,Ipswich Town,Tottenham,1,4,Completed
2024/25,Premier League,2025-02-22,Southampton,Brighton,0,4,Completed
2024/25,Premier League,2025-02-23,Manchester City,Liverpool,0,2,Completed
2024/25,Premier League,2025-02-23,Newcastle,Nottingham,4,3,Completed
2024/25,Premier League,2025-02-25,Brighton,Bournemouth,2,1,Completed
2024/25,Premier League,2025-02-25,Chelsea,Southampton,4,0,Completed
2024/25,Premier League,2025-02-25,Crystal Palace,Aston Villa,4,1,Completed
2024/25,Premier League,2025-02-25,Wolves,Fulham,1,2,Completed
2024/25,Premier League,2025-02-26,Brentford,Everton,1,1,Completed
2024/25,Premier League,2025-02-26,Liverpool,Newcastle,2,0,Completed
2024/25,Premier League,2025-02-26,Manchester Utd,Ipswich Town,3,2,Completed
2024/25,Premier League,2025-02-26,Nottingham,Arsenal,0,0,Completed
2024/25,Premier League,2025-02-26,Tottenham,Manchester City,0,1,Completed
2024/25,Premier League,2025-02-27,West Ham,Leicester City,2,0,Completed
2024/25,Premier League,2025-03-08,Brentford,Aston Villa,0,1,Completed
2024/25,Premier League,2025-03-08,Brighton,Fulham,2,1,Completed
2024/25,Premier League,2025-03-08,Crystal Palace,Ipswich Town,1,0,Completed
2024/25,Premier League,2025-03-08,Liverpool,Southampton,3,1,Completed
2024/25,Premier League,2025-03-08,Nottingham,Manchester City,1,0,Completed
2024/25,Premier League,2025-03-08,Wolves,Everton,1,1,Completed
2024/25,Premier League,2025-03-09,Chelsea,Leicester City,1,0,Completed
2024/25,Premier League,2025-03-09,Manchester Utd,Arsenal,1,1,Completed
2024/25,Premier League,2025-03-09,Tottenham,Bournemouth,2,2,Completed
2024/25,Premier League,2025-03-10,West Ham,Newcastle,0,1,Completed
2024/25,Premier League,2025-03-15,Bournemouth,Brentford,1,2,Completed
2024/25,Premier League,2025-03-15,Everton,West Ham,1,1,Completed
2024/25,Premier League,2025-03-15,Ipswich Town,Nottingham,2,4,Completed
2024/25,Premier League,2025-03-15,Manchester City,Brighton,2,2,Completed
2024/25,Premier League,2025-03-15,Southampton,Wolves,1,2,Completed
2024/25,Premier League,2025-03-16,Arsenal,Chelsea,1,0,Completed
2024/25,Premier League,2025-03-16,Fulham,Tottenham,2,0,Completed
2024/25,Premier League,2025-03-16,Leicester City,Manchester Utd,0,3,Completed
2024/25,Premier League,2025-04-01,Arsenal,Fulham,2,1,Completed
2024/25,Premier League,2025-04-01,Nottingham,Manchester Utd,1,0,Completed
2024/25,Premier League,2025-04-01,Wolves,West Ham,1,0,Completed
2024/25,Premier League,2025-04-02,Bournemouth,Ipswich Town,1,2,Completed
2024/25,Premier League,2025-04-02,Brighton,Aston Villa,0,3,Completed
2024/25,Premier League,2025-04-02,Liverpool,Everton,1,0,Completed
2024/25,Premier League,2025-04-02,Manchester City,Leicester City,2,0,Completed
2024/25,Premier League,2025-04-02,Newcastle,Brentford,2,1,Completed
2024/25,Premier League,2025-04-02,Southampton,Crystal Palace,1,1,Completed
2024/25,Premier League,2025-04-03,Chelsea,Tottenham,1,0,Completed
2024/25,Premier League,2025-04-05,Aston Villa,Nottingham,2,1,Completed
2024/25,Premier League,2025-04-05,Crystal Palace,Brighton,2,1,Completed
2024/25,Premier League,2025-04-05,Everton,Arsenal,1,1,Completed
2024/25,Premier League,2025-04-05,Ipswich Town,Wolves,1,2,Completed
2024/25,Premier League,2025-04-05,West Ham,Bournemouth,2,2,Completed
2024/25,Premier League,2025-04-06,Brentford,Chelsea,0,0,Completed
2024/25,Premier League,2025-04-06,Fulham,Liverpool,3,2,Completed
2024/25,Premier League,2025-04-06,Manchester Utd,Manchester City,0,0,Completed
2024/25,Premier League,2025-04-06,Tottenham,Southampton,3,1,Completed
2024/25,Premier League,2025-04-07,Leicester City,Newcastle,0,3,Completed
2024/25,Premier League,2025-04-12,Arsenal,Brentford,1,1,Completed
2024/25,Premier League,2025-04-12,Brighton,Leicester City,2,2,Completed
2024/25,Premier League,2025-04-12,Manchester City,Crystal Palace,5,2,Completed
2024/25,Premier League,2025-04-12,Nottingham,Everton,0,1,Completed
2024/25,Premier League,2025-04-12,Southampton,Aston Villa,0,3,Completed
2024/25,Premier League,2025-04-13,Chelsea,Ipswich Town,2,2,Completed
2024/25,Premier League,2025-04-13,Liverpool,West Ham,2,1,Completed
2024/25,Premier League,2025-04-13,Newcastle,Manchester Utd,4,1,Completed
2024/25,Premier League,2025-04-13,Wolves,Tottenham,4,2,Completed
2024/25,Premier League,2025-04-14,Bournemouth,Fulham,1,0,Completed
2024/25,Premier League,2025-04-16,Newcastle,Crystal Palace,5,0,Completed
2024/25,Premier League,2025-04-19,Aston Villa,Newcastle,4,1,Completed
2024/25,Premier League,2025-04-19,Brentford,Brighton,4,2,Completed
2024/25,Premier League,2025-04-19,Crystal Palace,Bournemouth,0,0,Completed
2024/25,Premier League,2025-04-19,Everton,Manchester City,0,2,Completed
2024/25,Premier League,2025-04-19,West Ham,Southampton,1,1,Completed
2024/25,Premier League,2025-04-20,Fulham,Chelsea,1,2,Completed
2024/25,Premier League,2025-04-20,Ipswich Town,Arsenal,0,4,Completed
2024/25,Premier League,2025-04-20,Leicester City,Liverpool,0,1,Completed
2024/25,Premier League,2025-04-20,Manchester Utd,Wolves,0,1,Completed
2024/25,Premier League,2025-04-21,Tottenham,Nottingham,1,2,Completed
2024/25,Premier League,2025-04-22,Manchester City,Aston Villa,2,1,Completed
2024/25,Premier League,2025-04-23,Arsenal,Crystal Palace,2,2,Completed
2024/25,Premier League,2025-04-26,Brighton,West Ham,3,2,Completed
2024/25,Premier League,2025-04-26,Chelsea,Everton,1,0,Completed
2024/25,Premier League,2025-04-26,Newcastle,Ipswich Town,3,0,Completed
2024/25,Premier League,2025-04-26,Southampton,Fulham,1,2,Completed
2024/25,Premier League,2025-04-26,Wolves,Leicester City,3,0,Completed
2024/25,Premier League,2025-04-27,Bournemouth,Manchester Utd,1,1,Completed
2024/25,Premier League,2025-04-27,Liverpool,Tottenham,5,1,Completed
2024/25,Premier League,2025-05-01,Nottingham,Brentford,0,2,Completed
2024/25,Premier League,2025-05-02,Manchester City,Wolves,1,0,Completed
2024/25,Premier League,2025-05-03,Arsenal,Bournemouth,1,2,Completed
2024/25,Premier League,2025-05-03,Aston Villa,Fulham,1,0,Completed
2024/25,Premier League,2025-05-03,Everton,Ipswich Town,2,2,Completed
2024/25,Premier League,2025-05-03,Leicester City,Southampton,2,0,Completed
2024/25,Premier League,2025-05-04,Brentford,Manchester Utd,4,3,Completed
2024/25,Premier League,2025-05-04,Brighton,Newcastle,1,1,Completed
2024/25,Premier League,2025-05-04,Chelsea,Liverpool,3,1,Completed
2024/25,Premier League,2025-05-04,West Ham,Tottenham,1,1,Completed
2024/25,Premier League,2025-05-05,Crystal Palace,Nottingham,1,1,Completed
2024/25,Premier League,2025-05-10,Bournemouth,Aston Villa,0,1,Completed
2024/25,Premier League,2025-05-10,Fulham,Everton,1,3,Completed
2024/25,Premier League,2025-05-10,Ipswich Town,Brentford,0,1,Completed
2024/25,Premier League,2025-05-10,Southampton,Manchester City,0,0,Completed
2024/25,Premier League,2025-05-10,Wolves,Brighton,0,2,Completed
2024/25,Premier League,2025-05-11,Liverpool,Arsenal,2,2,Completed
2024/25,Premier League,2025-05-11,Manchester Utd,West Ham,0,2,Completed
2024/25,Premier League,2025-05-11,Newcastle,Chelsea,2,0,Completed
2024/25,Premier League,2025-05-11,Nottingham,Leicester City,2,2,Completed
2024/25,Premier League,2025-05-11,Tottenham,Crystal Palace,0,2,Completed
2024/25,Premier League,2025-05-16,Aston Villa,Tottenham,2,0,Completed
2024/25,Premier League,2025-05-16,Chelsea,Manchester Utd,1,0,Completed
2024/25,Premier League,2025-05-18,Arsenal,Newcastle,1,0,Completed
2024/25,Premier League,2025-05-18,Brentford,Fulham,2,3,Completed
2024/25,Premier League,2025-05-18,Everton,Southampton,2,0,Completed
2024/25,Premier League,2025-05-18,Leicester City,Ipswich Town,2,0,Completed
2024/25,Premier League,2025-05-18,West Ham,Nottingham,1,2,Completed
2024/25,Premier League,2025-05-19,Brighton,Liverpool,3,2,Completed
2024/25,Premier League,2025-05-20,Crystal Palace,Wolves,4,2,Completed
2024/25,Premier League,2025-05-20,Manchester City,Bournemouth,3,1,Completed
2024/25,Premier League,2025-05-25,Bournemouth,Leicester City,2,0,Completed
2024/25,Premier League,2025-05-25,Fulham,Manchester City,0,2,Completed
2024/25,Premier League,2025-05-25,Ipswich Town,West Ham,1,3,Completed
2024/25,Premier League,2025-05-25,Liverpool,Crystal Palace,1,1,Completed
2024/25,Premier League,2025-05-25,Manchester Utd,Aston Villa,2,0,Completed
2024/25,Premier League,2025-05-25,Newcastle,Everton,0,1,Completed
2024/25,Premier League,2025-05-25,Nottingham,Chelsea,0,1,Completed
2024/25,Premier League,2025-05-25,Southampton,Arsenal,1,2,Completed
2024/25,Premier League,2025-05-25,Tottenham,Brighton,1,4,Completed
2024/25,Premier League,2025-05-25,Wolves,Brentford,1,1,Completed
2025/26,Premier League,2025-08-15,Liverpool,Bournemouth,4,2,Completed
2025/26,Premier League,2025-08-16,Aston Villa,Newcastle,0,0,Completed
2025/26,Premier League,2025-08-16,Brighton,Fulham,1,1,Completed
2025/26,Premier League,2025-08-16,Sunderland,West Ham,3,0,Completed
2025/26,Premier League,2025-08-16,Tottenham,Burnley,3,0,Completed
2025/26,Premier League,2025-08-16,Wolves,Manchester City,0,4,Completed
2025/26,Premier League,2025-08-17,Chelsea,Crystal Palace,0,0,Completed
2025/26,Premier League,2025-08-17,Manchester Utd,Arsenal,0,1,Completed
2025/26,Premier League,2025-08-17,Nottingham,Brentford,3,1,Completed
2025/26,Premier League,2025-08-18,Leeds United,Everton,1,0,Completed
2025/26,Premier League,2025-08-22,West Ham,Chelsea,1,5,Completed
2025/26,Premier League,2025-08-23,Arsenal,Leeds United,5,0,Completed
2025/26,Premier League,2025-08-23,Bournemouth,Wolves,1,0,Completed
2025/26,Premier League,2025-08-23,Brentford,Aston Villa,1,0,Completed
2025/26,Premier League,2025-08-23,Burnley,Sunderland,2,0,Completed
2025/26,Premier League,2025-08-23,Manchester City,Tottenham,0,2,Completed
2025/26,Premier League,2025-08-24,Crystal Palace,Nottingham,1,1,Completed
2025/26,Premier League,2025-08-24,Everton,Brighton,2,0,Completed
2025/26,Premier League,2025-08-24,Fulham,Manchester Utd,1,1,Completed
2025/26,Premier League,2025-08-25,Newcastle,Liverpool,2,3,Completed
2025/26,Premier League,2025-08-30,Chelsea,Fulham,2,0,Completed
2025/26,Premier League,2025-08-30,Leeds United,Newcastle,0,0,Completed
2025/26,Premier League,2025-08-30,Manchester Utd,Burnley,3,2,Completed
2025/26,Premier League,2025-08-30,Sunderland,Brentford,2,1,Completed
2025/26,Premier League,2025-08-30,Tottenham,Bournemouth,0,1,Completed
2025/26,Premier League,2025-08-30,Wolves,Everton,2,3,Completed
2025/26,Premier League,2025-08-31,Aston Villa,Crystal Palace,0,3,Completed
2025/26,Premier League,2025-08-31,Brighton,Manchester City,2,1,Completed
2025/26,Premier League,2025-08-31,Liverpool,Arsenal,1,0,Completed
2025/26,Premier League,2025-08-31,Nottingham,West Ham,0,3,Completed
2025/26,Premier League,2025-09-13,Arsenal,Nottingham,3,0,Completed
2025/26,Premier League,2025-09-13,Bournemouth,Brighton,2,1,Completed
2025/26,Premier League,2025-09-13,Brentford,Chelsea,2,2,Completed
2025/26,Premier League,2025-09-13,Crystal Palace,Sunderland,0,0,Completed
2025/26,Premier League,2025-09-13,Everton,Aston Villa,0,0,Completed
2025/26,Premier League,2025-09-13,Fulham,Leeds United,1,0,Completed
2025/26,Premier League,2025-09-13,Newcastle,Wolves,1,0,Completed
2025/26,Premier League,2025-09-13,West Ham,Tottenham,0,3,Completed
2025/26,Premier League,2025-09-14,Burnley,Liverpool,0,1,Completed
2025/26,Premier League,2025-09-14,Manchester City,Manchester Utd,3,0,Completed
2025/26,Premier League,2025-09-20,Brighton,Tottenham,2,2,Completed
2025/26,Premier League,2025-09-20,Burnley,Nottingham,1,1,Completed
2025/26,Premier League,2025-09-20,Fulham,Brentford,3,1,Completed
2025/26,Premier League,2025-09-20,Liverpool,Everton,2,1,Completed
2025/26,Premier League,2025-09-20,Manchester Utd,Chelsea,2,1,Completed
2025/26,Premier League,2025-09-20,West Ham,Crystal Palace,1,2,Completed
2025/26,Premier League,2025-09-20,Wolves,Leeds United,1,3,Completed
2025/26,Premier League,2025-09-21,Arsenal,Manchester City,1,1,Completed
2025/26,Premier League,2025-09-21,Bournemouth,Newcastle,0,0,Completed
2025/26,Premier League,2025-09-21,Sunderland,Aston Villa,1,1,Completed
2025/26,Premier League,2025-09-27,Brentford,Manchester Utd,3,1,Completed
2025/26,Premier League,2025-09-27,Chelsea,Brighton,1,3,Completed
2025/26,Premier League,2025-09-27,Crystal Palace,Liverpool,2,1,Completed
2025/26,Premier League,2025-09-27,Leeds United,Bournemouth,2,2,Completed
2025/26,Premier League,2025-09-27,Manchester City,Burnley,5,1,Completed
2025/26,Premier League,2025-09-27,Nottingham,Sunderland,0,1,Completed
2025/26,Premier League,2025-09-27,Tottenham,Wolves,1,1,Completed
2025/26,Premier League,2025-09-28,Aston Villa,Fulham,3,1,Completed
2025/26,Premier League,2025-09-28,Newcastle,Arsenal,1,2,Completed
2025/26,Premier League,2025-09-29,Everton,West Ham,1,1,Completed
2025/26,Premier League,2025-10-03,Bournemouth,Fulham,3,1,Completed
2025/26,Premier League,2025-10-04,Arsenal,West Ham,2,0,Completed
2025/26,Premier League,2025-10-04,Chelsea,Liverpool,2,1,Completed
2025/26,Premier League,2025-10-04,Leeds United,Tottenham,1,2,Completed
2025/26,Premier League,2025-10-04,Manchester Utd,Sunderland,2,0,Completed
2025/26,Premier League,2025-10-05,Aston Villa,Burnley,2,1,Completed
2025/26,Premier League,2025-10-05,Brentford,Manchester City,0,1,Completed
2025/26,Premier League,2025-10-05,Everton,Crystal Palace,2,1,Completed
2025/26,Premier League,2025-10-05,Newcastle,Nottingham,2,0,Completed
2025/26,Premier League,2025-10-05,Wolves,Brighton,1,1,Completed
2025/26,Premier League,2025-10-18,Brighton,Newcastle,2,1,Completed
2025/26,Premier League,2025-10-18,Burnley,Leeds United,2,0,Completed
2025/26,Premier League,2025-10-18,Crystal Palace,Bournemouth,3,3,Completed
2025/26,Premier League,2025-10-18,Fulham,Arsenal,0,1,Completed
2025/26,Premier League,2025-10-18,Manchester City,Everton,2,0,Completed
2025/26,Premier League,2025-10-18,Nottingham,Chelsea,0,3,Completed
2025/26,Premier League,2025-10-18,Sunderland,Wolves,2,0,Completed
2025/26,Premier League,2025-10-19,Liverpool,Manchester Utd,1,2,Completed
2025/26,Premier League,2025-10-19,Tottenham,Aston Villa,1,2,Completed
2025/26,Premier League,2025-10-20,West Ham,Brentford,0,2,Completed
2025/26,Premier League,2025-10-24,Leeds United,West Ham,2,1,Completed
2025/26,Premier League,2025-10-25,Brentford,Liverpool,3,2,Completed
2025/26,Premier League,2025-10-25,Chelsea,Sunderland,1,2,Completed
2025/26,Premier League,2025-10-25,Manchester Utd,Brighton,4,2,Completed
2025/26,Premier League,2025-10-25,Newcastle,Fulham,2,1,Completed
2025/26,Premier League,2025-10-26,Arsenal,Crystal Palace,1,0,Completed
2025/26,Premier League,2025-10-26,Aston Villa,Manchester City,1,0,Completed
2025/26,Premier League,2025-10-26,Bournemouth,Nottingham,2,0,Completed
2025/26,Premier League,2025-10-26,Everton,Tottenham,0,3,Completed
2025/26,Premier League,2025-10-26,Wolves,Burnley,2,3,Completed
2025/26,Premier League,2025-11-01,Brighton,Leeds United,3,0,Completed
2025/26,Premier League,2025-11-01,Burnley,Arsenal,0,2,Completed
2025/26,Premier League,2025-11-01,Crystal Palace,Brentford,2,0,Completed
2025/26,Premier League,2025-11-01,Fulham,Wolves,3,0,Completed
2025/26,Premier League,2025-11-01,Liverpool,Aston Villa,2,0,Completed
2025/26,Premier League,2025-11-01,Nottingham,Manchester Utd,2,2,Completed
2025/26,Premier League,2025-11-01,Tottenham,Chelsea,0,1,Completed
2025/26,Premier League,2025-11-02,Manchester City,Bournemouth,3,1,Completed
2025/26,Premier League,2025-11-02,West Ham,Newcastle,3,1,Completed
2025/26,Premier League,2025-11-03,Sunderland,Everton,1,1,Completed
2025/26,Premier League,2025-11-08,Chelsea,Wolves,3,0,Completed
2025/26,Premier League,2025-11-08,Everton,Fulham,2,0,Completed
2025/26,Premier League,2025-11-08,Sunderland,Arsenal,2,2,Completed
2025/26,Premier League,2025-11-08,Tottenham,Manchester Utd,2,2,Completed
2025/26,Premier League,2025-11-08,West Ham,Burnley,3,2,Completed
2025/26,Premier League,2025-11-09,Aston Villa,Bournemouth,4,0,Completed
2025/26,Premier League,2025-11-09,Brentford,Newcastle,3,1,Completed
2025/26,Premier League,2025-11-09,Crystal Palace,Brighton,0,0,Completed
2025/26,Premier League,2025-11-09,Manchester City,Liverpool,3,0,Completed
2025/26,Premier League,2025-11-09,Nottingham,Leeds United,3,1,Completed
2025/26,Premier League,2025-11-22,Bournemouth,West Ham,2,2,Completed
2025/26,Premier League,2025-11-22,Brighton,Brentford,2,1,Completed
2025/26,Premier League,2025-11-22,Burnley,Chelsea,0,2,Completed
2025/26,Premier League,2025-11-22,Fulham,Sunderland,1,0,Completed
2025/26,Premier League,2025-11-22,Liverpool,Nottingham,0,3,Completed
2025/26,Premier League,2025-11-22,Newcastle,Manchester City,2,1,Completed
2025/26,Premier League,2025-11-22,Wolves,Crystal Palace,0,2,Completed
2025/26,Premier League,2025-11-23,Arsenal,Tottenham,4,1,Completed
2025/26,Premier League,2025-11-23,Leeds United,Aston Villa,1,2,Completed
2025/26,Premier League,2025-11-24,Manchester Utd,Everton,0,1,Completed
2025/26,Premier League,2025-11-29,Brentford,Burnley,3,1,Completed
2025/26,Premier League,2025-11-29,Everton,Newcastle,1,4,Completed
2025/26,Premier League,2025-11-29,Manchester City,Leeds United,3,2,Completed
2025/26,Premier League,2025-11-29,Sunderland,Bournemouth,3,2,Completed
2025/26,Premier League,2025-11-29,Tottenham,Fulham,1,2,Completed
2025/26,Premier League,2025-11-30,Aston Villa,Wolves,1,0,Completed
2025/26,Premier League,2025-11-30,Chelsea,Arsenal,1,1,Completed
2025/26,Premier League,2025-11-30,Crystal Palace,Manchester Utd,1,2,Completed
2025/26,Premier League,2025-11-30,Nottingham,Brighton,0,2,Completed
2025/26,Premier League,2025-11-30,West Ham,Liverpool,0,2,Completed
2025/26,Premier League,2025-12-02,Bournemouth,Everton,0,1,Completed
2025/26,Premier League,2025-12-02,Fulham,Manchester City,4,5,Completed
2025/26,Premier League,2025-12-02,Newcastle,Tottenham,2,2,Completed
2025/26,Premier League,2025-12-03,Arsenal,Brentford,2,0,Completed
2025/26,Premier League,2025-12-03,Brighton,Aston Villa,3,4,Completed
2025/26,Premier League,2025-12-03,Burnley,Crystal Palace,0,1,Completed
2025/26,Premier League,2025-12-03,Leeds United,Chelsea,3,1,Completed
2025/26,Premier League,2025-12-03,Liverpool,Sunderland,1,1,Completed
2025/26,Premier League,2025-12-03,Wolves,Nottingham,0,1,Completed
2025/26,Premier League,2025-12-04,Manchester Utd,West Ham,1,1,Completed
2025/26,Premier League,2025-12-06,Aston Villa,Arsenal,2,1,Completed
2025/26,Premier League,2025-12-06,Bournemouth,Chelsea,0,0,Completed
2025/26,Premier League,2025-12-06,Everton,Nottingham,3,0,Completed
2025/26,Premier League,2025-12-06,Leeds United,Liverpool,3,3,Completed
2025/26,Premier League,2025-12-06,Manchester City,Sunderland,3,0,Completed
2025/26,Premier League,2025-12-06,Newcastle,Burnley,2,1,Completed
2025/26,Premier League,2025-12-06,Tottenham,Brentford,2,0,Completed
2025/26,Premier League,2025-12-07,Brighton,West Ham,1,1,Completed
2025/26,Premier League,2025-12-07,Fulham,Crystal Palace,1,2,Completed
2025/26,Premier League,2025-12-08,Wolves,Manchester Utd,1,4,Completed
2025/26,Premier League,2025-12-13,Arsenal,Wolves,2,1,Completed
2025/26,Premier League,2025-12-13,Burnley,Fulham,2,3,Completed
2025/26,Premier League,2025-12-13,Chelsea,Everton,2,0,Completed
2025/26,Premier League,2025-12-13,Liverpool,Brighton,2,0,Completed
2025/26,Premier League,2025-12-14,Brentford,Leeds United,1,1,Completed
2025/26,Premier League,2025-12-14,Crystal Palace,Manchester City,0,3,Completed
2025/26,Premier League,2025-12-14,Nottingham,Tottenham,3,0,Completed
2025/26,Premier League,2025-12-14,Sunderland,Newcastle,1,0,Completed
2025/26,Premier League,2025-12-14,West Ham,Aston Villa,2,3,Completed
2025/26,Premier League,2025-12-15,Manchester Utd,Bournemouth,4,4,Completed
2025/26,Premier League,2025-12-20,Bournemouth,Burnley,1,1,Completed
2025/26,Premier League,2025-12-20,Brighton,Sunderland,0,0,Completed
2025/26,Premier League,2025-12-20,Everton,Arsenal,0,1,Completed
2025/26,Premier League,2025-12-20,Leeds United,Crystal Palace,4,1,Completed
2025/26,Premier League,2025-12-20,Manchester City,West Ham,3,0,Completed
2025/26,Premier League,2025-12-20,Newcastle,Chelsea,2,2,Completed
2025/26,Premier League,2025-12-20,Tottenham,Liverpool,1,2,Completed
2025/26,Premier League,2025-12-20,Wolves,Brentford,0,2,Completed
2025/26,Premier League,2025-12-21,Aston Villa,Manchester Utd,2,1,Completed
2025/26,Premier League,2025-12-22,Fulham,Nottingham,1,0,Completed
2025/26,Premier League,2025-12-26,Manchester Utd,Newcastle,1,0,Completed
2025/26,Premier League,2025-12-27,Arsenal,Brighton,2,1,Completed
2025/26,Premier League,2025-12-27,Brentford,Bournemouth,4,1,Completed
2025/26,Premier League,2025-12-27,Burnley,Everton,0,0,Completed
2025/26,Premier League,2025-12-27,Chelsea,Aston Villa,1,2,Completed
2025/26,Premier League,2025-12-27,Liverpool,Wolves,2,1,Completed
2025/26,Premier League,2025-12-27,Nottingham,Manchester City,1,2,Completed
2025/26,Premier League,2025-12-27,West Ham,Fulham,0,1,Completed
2025/26,Premier League,2025-12-28,Crystal Palace,Tottenham,0,1,Completed
2025/26,Premier League,2025-12-28,Sunderland,Leeds United,1,1,Completed
2025/26,Premier League,2025-12-30,Arsenal,Aston Villa,4,1,Completed
2025/26,Premier League,2025-12-30,Burnley,Newcastle,1,3,Completed
2025/26,Premier League,2025-12-30,Chelsea,Bournemouth,2,2,Completed
2025/26,Premier League,2025-12-30,Manchester Utd,Wolves,1,1,Completed
2025/26,Premier League,2025-12-30,Nottingham,Everton,0,2,Completed
2025/26,Premier League,2025-12-30,West Ham,Brighton,2,2,Completed
2025/26,Premier League,2026-01-01,Brentford,Tottenham,0,0,Completed
2025/26,Premier League,2026-01-01,Crystal Palace,Fulham,1,1,Completed
2025/26,Premier League,2026-01-01,Liverpool,Leeds United,0,0,Completed
2025/26,Premier League,2026-01-01,Sunderland,Manchester City,0,0,Completed
2025/26,Premier League,2026-01-03,Aston Villa,Nottingham,3,1,Completed
2025/26,Premier League,2026-01-03,Bournemouth,Arsenal,2,3,Completed
2025/26,Premier League,2026-01-03,Brighton,Burnley,2,0,Completed
2025/26,Premier League,2026-01-03,Wolves,West Ham,3,0,Completed
2025/26,Premier League,2026-01-04,Everton,Brentford,2,4,Completed
2025/26,Premier League,2026-01-04,Fulham,Liverpool,2,2,Completed
2025/26,Premier League,2026-01-04,Leeds United,Manchester Utd,1,1,Completed
2025/26,Premier League,2026-01-04,Manchester City,Chelsea,1,1,Completed
2025/26,Premier League,2026-01-04,Newcastle,Crystal Palace,2,0,Completed
2025/26,Premier League,2026-01-04,Tottenham,Sunderland,1,1,Completed
2025/26,Premier League,2026-01-06,West Ham,Nottingham,1,2,Completed
2025/26,Premier League,2026-01-07,Bournemouth,Tottenham,3,2,Completed
2025/26,Premier League,2026-01-07,Brentford,Sunderland,3,0,Completed
2025/26,Premier League,2026-01-07,Burnley,Manchester Utd,2,2,Completed
2025/26,Premier League,2026-01-07,Crystal Palace,Aston Villa,0,0,Completed
2025/26,Premier League,2026-01-07,Everton,Wolves,1,1,Completed
2025/26,Premier League,2026-01-07,Fulham,Chelsea,2,1,Completed
2025/26,Premier League,2026-01-07,Manchester City,Brighton,1,1,Completed
2025/26,Premier League,2026-01-07,Newcastle,Leeds United,4,3,Completed
2025/26,Premier League,2026-01-08,Arsenal,Liverpool,0,0,Completed
2025/26,Premier League,2026-01-17,Chelsea,Brentford,2,0,Completed
2025/26,Premier League,2026-01-17,Leeds United,Fulham,1,0,Completed
2025/26,Premier League,2026-01-17,Liverpool,Burnley,1,1,Completed
2025/26,Premier League,2026-01-17,Manchester Utd,Manchester City,2,0,Completed
2025/26,Premier League,2026-01-17,Nottingham,Arsenal,0,0,Completed
2025/26,Premier League,2026-01-17,Sunderland,Crystal Palace,2,1,Completed
2025/26,Premier League,2026-01-17,Tottenham,West Ham,1,2,Completed
2025/26,Premier League,2026-01-18,Aston Villa,Everton,0,1,Completed
2025/26,Premier League,2026-01-18,Wolves,Newcastle,0,0,Completed
2025/26,Premier League,2026-01-19,Brighton,Bournemouth,1,1,Completed
2025/26,Premier League,2026-01-24,Bournemouth,Liverpool,3,2,Completed
2025/26,Premier League,2026-01-24,Burnley,Tottenham,2,2,Completed
2025/26,Premier League,2026-01-24,Fulham,Brighton,2,1,Completed
2025/26,Premier League,2026-01-24,Manchester City,Wolves,2,0,Completed
2025/26,Premier League,2026-01-24,West Ham,Sunderland,3,1,Completed
2025/26,Premier League,2026-01-25,Arsenal,Manchester Utd,2,3,Completed
2025/26,Premier League,2026-01-25,Brentford,Nottingham,0,2,Completed
2025/26,Premier League,2026-01-25,Crystal Palace,Chelsea,1,3,Completed
2025/26,Premier League,2026-01-25,Newcastle,Aston Villa,0,2,Completed
2025/26,Premier League,2026-01-26,Everton,Leeds United,1,1,Completed
2025/26,Premier League,2026-01-31,Brighton,Everton,1,1,Completed
2025/26,Premier League,2026-01-31,Chelsea,West Ham,3,2,Completed
2025/26,Premier League,2026-01-31,Leeds United,Arsenal,0,4,Completed
2025/26,Premier League,2026-01-31,Liverpool,Newcastle,4,1,Completed
2025/26,Premier League,2026-01-31,Wolves,Bournemouth,0,2,Completed
2025/26,Premier League,2026-02-01,Aston Villa,Brentford,0,1,Completed
2025/26,Premier League,2026-02-01,Manchester Utd,Fulham,3,2,Completed
2025/26,Premier League,2026-02-01,Nottingham,Crystal Palace,1,1,Completed
2025/26,Premier League,2026-02-01,Tottenham,Manchester City,2,2,Completed
2025/26,Premier League,2026-02-02,Sunderland,Burnley,3,0,Completed
2025/26,Premier League,2026-02-06,Leeds United,Nottingham,3,1,Completed
2025/26,Premier League,2026-02-07,Arsenal,Sunderland,3,0,Completed
2025/26,Premier League,2026-02-07,Bournemouth,Aston Villa,1,1,Completed
2025/26,Premier League,2026-02-07,Burnley,West Ham,0,2,Completed
2025/26,Premier League,2026-02-07,Fulham,Everton,1,2,Completed
2025/26,Premier League,2026-02-07,Manchester Utd,Tottenham,2,0,Completed
2025/26,Premier League,2026-02-07,Newcastle,Brentford,2,3,Completed
2025/26,Premier League,2026-02-07,Wolves,Chelsea,1,3,Completed
2025/26,Premier League,2026-02-08,Brighton,Crystal Palace,0,1,Completed
2025/26,Premier League,2026-02-08,Liverpool,Manchester City,1,2,Completed
2025/26,Premier League,2026-02-10,Chelsea,Leeds United,2,2,Completed
2025/26,Premier League,2026-02-10,Everton,Bournemouth,1,2,Completed
2025/26,Premier League,2026-02-10,Tottenham,Newcastle,1,2,Completed
2025/26,Premier League,2026-02-10,West Ham,Manchester Utd,1,1,Completed
2025/26,Premier League,2026-02-11,Aston Villa,Brighton,1,0,Completed
2025/26,Premier League,2026-02-11,Crystal Palace,Burnley,2,3,Completed
2025/26,Premier League,2026-02-11,Manchester City,Fulham,3,0,Completed
2025/26,Premier League,2026-02-11,Nottingham,Wolves,0,0,Completed
2025/26,Premier League,2026-02-11,Sunderland,Liverpool,0,1,Completed
2025/26,Premier League,2026-02-12,Brentford,Arsenal,1,1,Completed
2025/26,Premier League,2026-02-18,Wolves,Arsenal,2,2,Completed
2025/26,Premier League,2026-02-21,Aston Villa,Leeds United,1,1,Completed
2025/26,Premier League,2026-02-21,Brentford,Brighton,0,2,Completed
2025/26,Premier League,2026-02-21,Chelsea,Burnley,1,1,Completed
2025/26,Premier League,2026-02-21,Manchester City,Newcastle,2,1,Completed
2025/26,Premier League,2026-02-21,West Ham,Bournemouth,0,0,Completed
2025/26,Premier League,2026-02-22,Crystal Palace,Wolves,1,0,Completed
2025/26,Premier League,2026-02-22,Nottingham,Liverpool,0,1,Completed
2025/26,Premier League,2026-02-22,Sunderland,Fulham,1,3,Completed
2025/26,Premier League,2026-02-22,Tottenham,Arsenal,1,4,Completed
2025/26,Premier League,2026-02-23,Everton,Manchester Utd,0,1,Completed
2025/26,Premier League,2026-02-27,Wolves,Aston Villa,2,0,Completed
2025/26,Premier League,2026-02-28,Bournemouth,Sunderland,1,1,Completed
2025/26,Premier League,2026-02-28,Burnley,Brentford,3,4,Completed
2025/26,Premier League,2026-02-28,Leeds United,Manchester City,0,1,Completed
2025/26,Premier League,2026-02-28,Liverpool,West Ham,5,2,Completed
2025/26,Premier League,2026-02-28,Newcastle,Everton,2,3,Completed
2025/26,Premier League,2026-03-01,Arsenal,Chelsea,2,1,Completed
2025/26,Premier League,2026-03-01,Brighton,Nottingham,2,1,Completed
2025/26,Premier League,2026-03-01,Fulham,Tottenham,2,1,Completed
2025/26,Premier League,2026-03-01,Manchester Utd,Crystal Palace,2,1,Completed
2025/26,Premier League,2026-03-03,Bournemouth,Brentford,0,0,Completed
2025/26,Premier League,2026-03-03,Everton,Burnley,2,0,Completed
2025/26,Premier League,2026-03-03,Leeds United,Sunderland,0,1,Completed
2025/26,Premier League,2026-03-03,Wolves,Liverpool,2,1,Completed
2025/26,Premier League,2026-03-04,Aston Villa,Chelsea,1,4,Completed
2025/26,Premier League,2026-03-04,Brighton,Arsenal,0,1,Completed
2025/26,Premier League,2026-03-04,Fulham,West Ham,0,1,Completed
2025/26,Premier League,2026-03-04,Manchester City,Nottingham,2,2,Completed
2025/26,Premier League,2026-03-04,Newcastle,Manchester Utd,2,1,Completed
2025/26,Premier League,2026-03-05,Tottenham,Crystal Palace,1,3,Completed
2025/26,Premier League,2026-03-14,Arsenal,Everton,2,0,Completed
2025/26,Premier League,2026-03-14,Burnley,Bournemouth,0,0,Completed
2025/26,Premier League,2026-03-14,Chelsea,Newcastle,0,1,Completed
2025/26,Premier League,2026-03-14,Sunderland,Brighton,0,1,Completed
2025/26,Premier League,2026-03-14,West Ham,Manchester City,1,1,Completed
2025/26,Premier League,2026-03-15,Crystal Palace,Leeds United,0,0,Completed
2025/26,Premier League,2026-03-15,Liverpool,Tottenham,1,1,Completed
2025/26,Premier League,2026-03-15,Manchester Utd,Aston Villa,3,1,Completed
2025/26,Premier League,2026-03-15,Nottingham,Fulham,0,0,Completed
2025/26,Premier League,2026-03-16,Brentford,Wolves,2,2,Completed
2025/26,Premier League,2026-03-20,Bournemouth,Manchester Utd,2,2,Completed
2025/26,Premier League,2026-03-21,Brighton,Liverpool,2,1,Completed
2025/26,Premier League,2026-03-21,Everton,Chelsea,3,0,Completed
2025/26,Premier League,2026-03-21,Fulham,Burnley,3,1,Completed
2025/26,Premier League,2026-03-21,Leeds United,Brentford,0,0,Completed
2025/26,Premier League,2026-03-22,Aston Villa,West Ham,2,0,Completed
2025/26,Premier League,2026-03-22,Newcastle,Sunderland,1,2,Completed
2025/26,Premier League,2026-03-22,Tottenham,Nottingham,0,3,Completed
2025/26,Premier League,2026-04-10,West Ham,Wolves,4,0,Completed
2025/26,Premier League,2026-04-11,Arsenal,Bournemouth,1,2,Completed
2025/26,Premier League,2026-04-11,Brentford,Everton,2,2,Completed
2025/26,Premier League,2026-04-11,Burnley,Brighton,0,2,Completed
2025/26,Premier League,2026-04-11,Liverpool,Fulham,2,0,Completed
2025/26,Premier League,2026-04-12,Chelsea,Manchester City,0,3,Completed
2025/26,Premier League,2026-04-12,Crystal Palace,Newcastle,2,1,Completed
2025/26,Premier League,2026-04-12,Nottingham,Aston Villa,1,1,Completed
2025/26,Premier League,2026-04-12,Sunderland,Tottenham,1,0,Completed
2025/26,Premier League,2026-04-13,Manchester Utd,Leeds United,1,2,Completed
2025/26,Premier League,2026-04-18,Brentford,Fulham,0,0,Completed
2025/26,Premier League,2026-04-18,Chelsea,Manchester Utd,0,1,Completed
2025/26,Premier League,2026-04-18,Leeds United,Wolves,3,0,Completed
2025/26,Premier League,2026-04-18,Newcastle,Bournemouth,1,2,Completed
2025/26,Premier League,2026-04-18,Tottenham,Brighton,2,2,Completed
2025/26,Premier League,2026-04-19,Aston Villa,Sunderland,4,3,Completed
2025/26,Premier League,2026-04-19,Everton,Liverpool,1,2,Completed
2025/26,Premier League,2026-04-19,Manchester City,Arsenal,2,1,Completed
2025/26,Premier League,2026-04-19,Nottingham,Burnley,4,1,Completed
2025/26,Premier League,2026-04-20,Crystal Palace,West Ham,0,0,Completed
2025/26,Premier League,2026-04-21,Brighton,Chelsea,3,0,Completed
2025/26,Premier League,2026-04-22,Bournemouth,Leeds United,2,2,Completed
2025/26,Premier League,2026-04-22,Burnley,Manchester City,0,1,Completed
2025/26,Premier League,2026-04-24,Sunderland,Nottingham,0,5,Completed
2025/26,Premier League,2026-04-25,Arsenal,Newcastle,1,0,Completed
2025/26,Premier League,2026-04-25,Fulham,Aston Villa,1,0,Completed
2025/26,Premier League,2026-04-25,Liverpool,Crystal Palace,3,1,Completed
2025/26,Premier League,2026-04-25,West Ham,Everton,2,1,Completed
2025/26,Premier League,2026-04-25,Wolves,Tottenham,0,1,Completed
2025/26,Premier League,2026-04-27,Manchester Utd,Brentford,2,1,Completed
2025/26,Premier League,2026-05-01,Leeds United,Burnley,3,1,Completed
2025/26,Premier League,2026-05-02,Arsenal,Fulham,3,0,Completed
2025/26,Premier League,2026-05-02,Brentford,West Ham,3,0,Completed
2025/26,Premier League,2026-05-02,Newcastle,Brighton,3,1,Completed
2025/26,Premier League,2026-05-02,Wolves,Sunderland,1,1,Completed
2025/26,Premier League,2026-05-03,Aston Villa,Tottenham,1,2,Completed
2025/26,Premier League,2026-05-03,Bournemouth,Crystal Palace,3,0,Completed
2025/26,Premier League,2026-05-03,Manchester Utd,Liverpool,3,2,Completed
2025/26,Premier League,2026-05-04,Chelsea,Nottingham,1,3,Completed
2025/26,Premier League,2026-05-04,Everton,Manchester City,3,3,Completed
2025/26,Premier League,2026-05-09,Brighton,Wolves,3,0,Completed
2025/26,Premier League,2026-05-09,Fulham,Bournemouth,0,1,Completed
2025/26,Premier League,2026-05-09,Liverpool,Chelsea,1,1,Completed
2025/26,Premier League,2026-05-09,Manchester City,Brentford,3,0,Completed
2025/26,Premier League,2026-05-09,Sunderland,Manchester Utd,0,0,Completed
2025/26,Premier League,2026-05-10,Burnley,Aston Villa,2,2,Completed
2025/26,Premier League,2026-05-10,Crystal Palace,Everton,2,2,Completed
2025/26,Premier League,2026-05-10,Nottingham,Newcastle,1,1,Completed
2025/26,Premier League,2026-05-10,West Ham,Arsenal,0,1,Completed
2025/26,Premier League,2026-05-11,Tottenham,Leeds United,1,1,Completed
2025/26,Premier League,2026-05-13,Manchester City,Crystal Palace,3,0,Completed
2025/26,Premier League,2026-05-15,Aston Villa,Liverpool,4,2,Completed
2025/26,Premier League,2026-05-17,Brentford,Crystal Palace,2,2,Completed
2025/26,Premier League,2026-05-17,Everton,Sunderland,1,3,Completed
2025/26,Premier League,2026-05-17,Leeds United,Brighton,1,0,Completed
2025/26,Premier League,2026-05-17,Manchester Utd,Nottingham,3,2,Completed
2025/26,Premier League,2026-05-17,Newcastle,West Ham,3,1,Completed
2025/26,Premier League,2026-05-17,Wolves,Fulham,1,1,Completed
2025/26,Premier League,2026-05-18,Arsenal,Burnley,1,0,Completed
2025/26,Premier League,2026-05-19,Bournemouth,Manchester City,1,1,Completed
2025/26,Premier League,2026-05-19,Chelsea,Tottenham,2,1,Completed
2025/26,Premier League,2026-05-24,Brighton,Manchester Utd,0,3,Completed
2025/26,Premier League,2026-05-24,Burnley,Wolves,1,1,Completed
2025/26,Premier League,2026-05-24,Crystal Palace,Arsenal,1,2,Completed
2025/26,Premier League,2026-05-24,Fulham,Newcastle,2,0,Completed
2025/26,Premier League,2026-05-24,Liverpool,Brentford,1,1,Completed
2025/26,Premier League,2026-05-24,Manchester City,Aston Villa,1,2,Completed
2025/26,Premier League,2026-05-24,Nottingham,Bournemouth,1,1,Completed
2025/26,Premier League,2026-05-24,Sunderland,Chelsea,2,1,Completed
2025/26,Premier League,2026-05-24,Tottenham,Everton,1,0,Completed
2025/26,Premier League,2026-05-24,West Ham,Leeds United,3,0,Completed
2026/27,Premier League,2026-08-22,Arsenal,Coventry City,,,Upcoming
2026/27,Premier League,2026-08-22,Brentford,Tottenham,,,Upcoming
2026/27,Premier League,2026-08-22,Everton,Crystal Palace,,,Upcoming
2026/27,Premier League,2026-08-22,Hull City,Manchester Utd,,,Upcoming
2026/27,Premier League,2026-08-22,Ipswich Town,Sunderland,,,Upcoming
2026/27,Premier League,2026-08-22,Nottingham,Leeds United,,,Upcoming
2026/27,Premier League,2026-08-23,Brighton,Aston Villa,,,Upcoming
2026/27,Premier League,2026-08-23,Manchester City,Bournemouth,,,Upcoming
2026/27,Premier League,2026-08-23,Newcastle,Liverpool,,,Upcoming
2026/27,Premier League,2026-08-25,Fulham,Chelsea,,,Upcoming
2026/27,Premier League,2026-08-29,Aston Villa,Arsenal,,,Upcoming
2026/27,Premier League,2026-08-29,Bournemouth,Everton,,,Upcoming
2026/27,Premier League,2026-08-29,Coventry City,Hull City,,,Upcoming
2026/27,Premier League,2026-08-29,Crystal Palace,Manchester City,,,Upcoming
2026/27,Premier League,2026-08-29,Liverpool,Nottingham,,,Upcoming
2026/27,Premier League,2026-08-29,Tottenham,Newcastle,,,Upcoming
2026/27,Premier League,2026-08-30,Chelsea,Brighton,,,Upcoming
2026/27,Premier League,2026-08-30,Leeds United,Brentford,,,Upcoming
2026/27,Premier League,2026-08-30,Manchester Utd,Ipswich Town,,,Upcoming
2026/27,Premier League,2026-08-30,Sunderland,Fulham,,,Upcoming
2026/27,Premier League,2026-09-05,Brentford,Sunderland,,,Upcoming
2026/27,Premier League,2026-09-05,Brighton,Leeds United,,,Upcoming
2026/27,Premier League,2026-09-05,Fulham,Crystal Palace,,,Upcoming
2026/27,Premier League,2026-09-05,Hull City,Aston Villa,,,Upcoming
2026/27,Premier League,2026-09-05,Ipswich Town,Liverpool,,,Upcoming
2026/27,Premier League,2026-09-05,Manchester City,Coventry City,,,Upcoming
2026/27,Premier League,2026-09-05,Newcastle,Bournemouth,,,Upcoming
2026/27,Premier League,2026-09-05,Nottingham,Tottenham,,,Upcoming
2026/27,Premier League,2026-09-06,Arsenal,Chelsea,,,Upcoming
2026/27,Premier League,2026-09-06,Everton,Manchester Utd,,,Upcoming
2026/27,Premier League,2026-09-12,Aston Villa,Nottingham,,,Upcoming
2026/27,Premier League,2026-09-12,Bournemouth,Brentford,,,Upcoming
2026/27,Premier League,2026-09-12,Chelsea,Hull City,,,Upcoming
2026/27,Premier League,2026-09-12,Crystal Palace,Ipswich Town,,,Upcoming
2026/27,Premier League,2026-09-12,Leeds United,Newcastle,,,Upcoming
2026/27,Premier League,2026-09-12,Liverpool,Fulham,,,Upcoming
2026/27,Premier League,2026-09-12,Tottenham,Everton,,,Upcoming
2026/27,Premier League,2026-09-13,Coventry City,Brighton,,,Upcoming
2026/27,Premier League,2026-09-13,Manchester Utd,Manchester City,,,Upcoming
2026/27,Premier League,2026-09-13,Sunderland,Arsenal,,,Upcoming
2026/27,Premier League,2026-09-19,Brentford,Chelsea,,,Upcoming
2026/27,Premier League,2026-09-19,Brighton,Arsenal,,,Upcoming
2026/27,Premier League,2026-09-19,Everton,Ipswich Town,,,Upcoming
2026/27,Premier League,2026-09-19,Leeds United,Crystal Palace,,,Upcoming
2026/27,Premier League,2026-09-19,Manchester City,Sunderland,,,Upcoming
2026/27,Premier League,2026-09-19,Newcastle,Hull City,,,Upcoming
2026/27,Premier League,2026-09-19,Nottingham,Coventry City,,,Upcoming
2026/27,Premier League,2026-09-19,Tottenham,Aston Villa,,,Upcoming
2026/27,Premier League,2026-09-20,Bournemouth,Liverpool,,,Upcoming
2026/27,Premier League,2026-09-20,Fulham,Manchester Utd,,,Upcoming
2026/27,Premier League,2026-10-10,Arsenal,Leeds United,,,Upcoming
2026/27,Premier League,2026-10-10,Aston Villa,Brentford,,,Upcoming
2026/27,Premier League,2026-10-10,Chelsea,Bournemouth,,,Upcoming
2026/27,Premier League,2026-10-10,Coventry City,Newcastle,,,Upcoming
2026/27,Premier League,2026-10-10,Crystal Palace,Nottingham,,,Upcoming
2026/27,Premier League,2026-10-10,Hull City,Everton,,,Upcoming
2026/27,Premier League,2026-10-10,Ipswich Town,Fulham,,,Upcoming
2026/27,Premier League,2026-10-10,Liverpool,Manchester City,,,Upcoming
2026/27,Premier League,2026-10-10,Manchester Utd,Tottenham,,,Upcoming
2026/27,Premier League,2026-10-10,Sunderland,Brighton,,,Upcoming
2026/27,Premier League,2026-10-17,Bournemouth,Sunderland,,,Upcoming
2026/27,Premier League,2026-10-17,Brentford,Liverpool,,,Upcoming
2026/27,Premier League,2026-10-17,Brighton,Crystal Palace,,,Upcoming
2026/27,Premier League,2026-10-17,Everton,Chelsea,,,Upcoming
2026/27,Premier League,2026-10-17,Fulham,Hull City,,,Upcoming
2026/27,Premier League,2026-10-17,Leeds United,Manchester Utd,,,Upcoming
2026/27,Premier League,2026-10-17,Manchester City,Ipswich Town,,,Upcoming
2026/27,Premier League,2026-10-17,Newcastle,Aston Villa,,,Upcoming
2026/27,Premier League,2026-10-17,Nottingham,Arsenal,,,Upcoming
2026/27,Premier League,2026-10-17,Tottenham,Coventry City,,,Upcoming
2026/27,Premier League,2026-10-24,Arsenal,Everton,,,Upcoming
2026/27,Premier League,2026-10-24,Aston Villa,Manchester City,,,Upcoming
2026/27,Premier League,2026-10-24,Chelsea,Tottenham,,,Upcoming
2026/27,Premier League,2026-10-24,Coventry City,Fulham,,,Upcoming
2026/27,Premier League,2026-10-24,Crystal Palace,Newcastle,,,Upcoming
2026/27,Premier League,2026-10-24,Hull City,Brentford,,,Upcoming
2026/27,Premier League,2026-10-24,Ipswich Town,Nottingham,,,Upcoming
2026/27,Premier League,2026-10-24,Liverpool,Brighton,,,Upcoming
2026/27,Premier League,2026-10-24,Manchester Utd,Bournemouth,,,Upcoming
2026/27,Premier League,2026-10-24,Sunderland,Leeds United,,,Upcoming
2026/27,Premier League,2026-10-31,Aston Villa,Fulham,,,Upcoming
2026/27,Premier League,2026-10-31,Bournemouth,Leeds United,,,Upcoming
2026/27,Premier League,2026-10-31,Brentford,Nottingham,,,Upcoming
2026/27,Premier League,2026-10-31,Chelsea,Manchester Utd,,,Upcoming
2026/27,Premier League,2026-10-31,Coventry City,Sunderland,,,Upcoming
2026/27,Premier League,2026-10-31,Hull City,Ipswich Town,,,Upcoming
2026/27,Premier League,2026-10-31,Liverpool,Arsenal,,,Upcoming
2026/27,Premier League,2026-10-31,Manchester City,Brighton,,,Upcoming
2026/27,Premier League,2026-10-31,Newcastle,Everton,,,Upcoming
2026/27,Premier League,2026-10-31,Tottenham,Crystal Palace,,,Upcoming
2026/27,Premier League,2026-11-07,Arsenal,Hull City,,,Upcoming
2026/27,Premier League,2026-11-07,Brighton,Brentford,,,Upcoming
2026/27,Premier League,2026-11-07,Crystal Palace,Liverpool,,,Upcoming
2026/27,Premier League,2026-11-07,Everton,Coventry City,,,Upcoming
2026/27,Premier League,2026-11-07,Fulham,Newcastle,,,Upcoming
2026/27,Premier League,2026-11-07,Ipswich Town,Bournemouth,,,Upcoming
2026/27,Premier League,2026-11-07,Leeds United,Tottenham,,,Upcoming
2026/27,Premier League,2026-11-07,Manchester Utd,Aston Villa,,,Upcoming
2026/27,Premier League,2026-11-07,Nottingham,Manchester City,,,Upcoming
2026/27,Premier League,2026-11-07,Sunderland,Chelsea,,,Upcoming
2026/27,Premier League,2026-11-21,Aston Villa,Sunderland,,,Upcoming
2026/27,Premier League,2026-11-21,Bournemouth,Nottingham,,,Upcoming
2026/27,Premier League,2026-11-21,Brentford,Everton,,,Upcoming
2026/27,Premier League,2026-11-21,Chelsea,Leeds United,,,Upcoming
2026/27,Premier League,2026-11-21,Coventry City,Crystal Palace,,,Upcoming
2026/27,Premier League,2026-11-21,Hull City,Brighton,,,Upcoming
2026/27,Premier League,2026-11-21,Liverpool,Manchester Utd,,,Upcoming
2026/27,Premier League,2026-11-21,Manchester City,Fulham,,,Upcoming
2026/27,Premier League,2026-11-21,Newcastle,Arsenal,,,Upcoming
2026/27,Premier League,2026-11-21,Tottenham,Ipswich Town,,,Upcoming
2026/27,Premier League,2026-11-28,Arsenal,Manchester City,,,Upcoming
2026/27,Premier League,2026-11-28,Brighton,Newcastle,,,Upcoming
2026/27,Premier League,2026-11-28,Crystal Palace,Hull City,,,Upcoming
2026/27,Premier League,2026-11-28,Everton,Liverpool,,,Upcoming
2026/27,Premier League,2026-11-28,Fulham,Bournemouth,,,Upcoming
2026/27,Premier League,2026-11-28,Ipswich Town,Aston Villa,,,Upcoming
2026/27,Premier League,2026-11-28,Leeds United,Coventry City,,,Upcoming
2026/27,Premier League,2026-11-28,Manchester Utd,Brentford,,,Upcoming
2026/27,Premier League,2026-11-28,Nottingham,Chelsea,,,Upcoming
2026/27,Premier League,2026-11-28,Sunderland,Tottenham,,,Upcoming
2026/27,Premier League,2026-12-03,Aston Villa,Everton,,,Upcoming
2026/27,Premier League,2026-12-03,Bournemouth,Brighton,,,Upcoming
2026/27,Premier League,2026-12-03,Brentford,Arsenal,,,Upcoming
2026/27,Premier League,2026-12-03,Chelsea,Crystal Palace,,,Upcoming
2026/27,Premier League,2026-12-03,Coventry City,Ipswich Town,,,Upcoming
2026/27,Premier League,2026-12-03,Hull City,Nottingham,,,Upcoming
2026/27,Premier League,2026-12-03,Liverpool,Sunderland,,,Upcoming
2026/27,Premier League,2026-12-03,Manchester City,Leeds United,,,Upcoming
2026/27,Premier League,2026-12-03,Newcastle,Manchester Utd,,,Upcoming
2026/27,Premier League,2026-12-03,Tottenham,Fulham,,,Upcoming
2026/27,Premier League,2026-12-05,Aston Villa,Crystal Palace,,,Upcoming
2026/27,Premier League,2026-12-05,Bournemouth,Hull City,,,Upcoming
2026/27,Premier League,2026-12-05,Brentford,Manchester City,,,Upcoming
2026/27,Premier League,2026-12-05,Chelsea,Liverpool,,,Upcoming
2026/27,Premier League,2026-12-05,Everton,Fulham,,,Upcoming
2026/27,Premier League,2026-12-05,Leeds United,Ipswich Town,,,Upcoming
2026/27,Premier League,2026-12-05,Manchester Utd,Coventry City,,,Upcoming
2026/27,Premier League,2026-12-05,Newcastle,Sunderland,,,Upcoming
2026/27,Premier League,2026-12-05,Nottingham,Brighton,,,Upcoming
2026/27,Premier League,2026-12-05,Tottenham,Arsenal,,,Upcoming
2026/27,Premier League,2026-12-12,Arsenal,Bournemouth,,,Upcoming
2026/27,Premier League,2026-12-12,Brighton,Everton,,,Upcoming
2026/27,Premier League,2026-12-12,Coventry City,Aston Villa,,,Upcoming
2026/27,Premier League,2026-12-12,Crystal Palace,Manchester Utd,,,Upcoming
2026/27,Premier League,2026-12-12,Fulham,Brentford,,,Upcoming
2026/27,Premier League,2026-12-12,Hull City,Tottenham,,,Upcoming
2026/27,Premier League,2026-12-12,Ipswich Town,Newcastle,,,Upcoming
2026/27,Premier League,2026-12-12,Liverpool,Leeds United,,,Upcoming
2026/27,Premier League,2026-12-12,Manchester City,Chelsea,,,Upcoming
2026/27,Premier League,2026-12-12,Sunderland,Nottingham,,,Upcoming
2026/27,Premier League,2026-12-19,Arsenal,Manchester Utd,,,Upcoming
2026/27,Premier League,2026-12-19,Bournemouth,Coventry City,,,Upcoming
2026/27,Premier League,2026-12-19,Brentford,Newcastle,,,Upcoming
2026/27,Premier League,2026-12-19,Brighton,Ipswich Town,,,Upcoming
2026/27,Premier League,2026-12-19,Chelsea,Aston Villa,,,Upcoming
2026/27,Premier League,2026-12-19,Leeds United,Fulham,,,Upcoming
2026/27,Premier League,2026-12-19,Liverpool,Tottenham,,,Upcoming
2026/27,Premier League,2026-12-19,Manchester City,Hull City,,,Upcoming
2026/27,Premier League,2026-12-19,Nottingham,Everton,,,Upcoming
2026/27,Premier League,2026-12-19,Sunderland,Crystal Palace,,,Upcoming
2026/27,Premier League,2026-12-26,Aston Villa,Leeds United,,,Upcoming
2026/27,Premier League,2026-12-26,Coventry City,Chelsea,,,Upcoming
2026/27,Premier League,2026-12-26,Crystal Palace,Arsenal,,,Upcoming
2026/27,Premier League,2026-12-26,Everton,Sunderland,,,Upcoming
2026/27,Premier League,2026-12-26,Fulham,Brighton,,,Upcoming
2026/27,Premier League,2026-12-26,Hull City,Liverpool,,,Upcoming
2026/27,Premier League,2026-12-26,Ipswich Town,Brentford,,,Upcoming
2026/27,Premier League,2026-12-26,Manchester Utd,Nottingham,,,Upcoming
2026/27,Premier League,2026-12-26,Newcastle,Manchester City,,,Upcoming
2026/27,Premier League,2026-12-26,Tottenham,Bournemouth,,,Upcoming
2026/27,Premier League,2026-12-31,Aston Villa,Liverpool,,,Upcoming
2026/27,Premier League,2026-12-31,Coventry City,Brentford,,,Upcoming
2026/27,Premier League,2026-12-31,Crystal Palace,Bournemouth,,,Upcoming
2026/27,Premier League,2026-12-31,Everton,Manchester City,,,Upcoming
2026/27,Premier League,2026-12-31,Fulham,Arsenal,,,Upcoming
2026/27,Premier League,2026-12-31,Hull City,Leeds United,,,Upcoming
2026/27,Premier League,2026-12-31,Ipswich Town,Chelsea,,,Upcoming
2026/27,Premier League,2026-12-31,Manchester Utd,Sunderland,,,Upcoming
2026/27,Premier League,2026-12-31,Newcastle,Nottingham,,,Upcoming
2026/27,Premier League,2026-12-31,Tottenham,Brighton,,,Upcoming
2026/27,Premier League,2027-01-02,Arsenal,Ipswich Town,,,Upcoming
2026/27,Premier League,2027-01-02,Bournemouth,Aston Villa,,,Upcoming
2026/27,Premier League,2027-01-02,Brentford,Crystal Palace,,,Upcoming
2026/27,Premier League,2027-01-02,Brighton,Manchester Utd,,,Upcoming
2026/27,Premier League,2027-01-02,Chelsea,Newcastle,,,Upcoming
2026/27,Premier League,2027-01-02,Leeds United,Everton,,,Upcoming
2026/27,Premier League,2027-01-02,Liverpool,Coventry City,,,Upcoming
2026/27,Premier League,2027-01-02,Manchester City,Tottenham,,,Upcoming
2026/27,Premier League,2027-01-02,Nottingham,Fulham,,,Upcoming
2026/27,Premier League,2027-01-02,Sunderland,Hull City,,,Upcoming
2026/27,Premier League,2027-01-07,Arsenal,Brentford,,,Upcoming
2026/27,Premier League,2027-01-07,Brighton,Bournemouth,,,Upcoming
2026/27,Premier League,2027-01-07,Crystal Palace,Chelsea,,,Upcoming
2026/27,Premier League,2027-01-07,Everton,Aston Villa,,,Upcoming
2026/27,Premier League,2027-01-07,Fulham,Tottenham,,,Upcoming
2026/27,Premier League,2027-01-07,Ipswich Town,Coventry City,,,Upcoming
2026/27,Premier League,2027-01-07,Leeds United,Manchester City,,,Upcoming
2026/27,Premier League,2027-01-07,Manchester Utd,Newcastle,,,Upcoming
2026/27,Premier League,2027-01-07,Nottingham,Hull City,,,Upcoming
2026/27,Premier League,2027-01-07,Sunderland,Liverpool,,,Upcoming
2026/27,Premier League,2027-01-16,Aston Villa,Manchester Utd,,,Upcoming
2026/27,Premier League,2027-01-16,Bournemouth,Ipswich Town,,,Upcoming
2026/27,Premier League,2027-01-16,Brentford,Brighton,,,Upcoming
2026/27,Premier League,2027-01-16,Chelsea,Sunderland,,,Upcoming
2026/27,Premier League,2027-01-16,Coventry City,Everton,,,Upcoming
2026/27,Premier League,2027-01-16,Hull City,Arsenal,,,Upcoming
2026/27,Premier League,2027-01-16,Liverpool,Crystal Palace,,,Upcoming
2026/27,Premier League,2027-01-16,Manchester City,Nottingham,,,Upcoming
2026/27,Premier League,2027-01-16,Newcastle,Fulham,,,Upcoming
2026/27,Premier League,2027-01-16,Tottenham,Leeds United,,,Upcoming
2026/27,Premier League,2027-01-23,Arsenal,Newcastle,,,Upcoming
2026/27,Premier League,2027-01-23,Brighton,Manchester City,,,Upcoming
2026/27,Premier League,2027-01-23,Crystal Palace,Tottenham,,,Upcoming
2026/27,Premier League,2027-01-23,Everton,Brentford,,,Upcoming
2026/27,Premier League,2027-01-23,Fulham,Aston Villa,,,Upcoming
2026/27,Premier League,2027-01-23,Ipswich Town,Hull City,,,Upcoming
2026/27,Premier League,2027-01-23,Leeds United,Chelsea,,,Upcoming
2026/27,Premier League,2027-01-23,Manchester Utd,Liverpool,,,Upcoming
2026/27,Premier League,2027-01-23,Nottingham,Bournemouth,,,Upcoming
2026/27,Premier League,2027-01-23,Sunderland,Coventry City,,,Upcoming
2026/27,Premier League,2027-01-30,Aston Villa,Ipswich Town,,,Upcoming
2026/27,Premier League,2027-01-30,Bournemouth,Fulham,,,Upcoming
2026/27,Premier League,2027-01-30,Brentford,Manchester Utd,,,Upcoming
2026/27,Premier League,2027-01-30,Chelsea,Nottingham,,,Upcoming
2026/27,Premier League,2027-01-30,Coventry City,Leeds United,,,Upcoming
2026/27,Premier League,2027-01-30,Hull City,Crystal Palace,,,Upcoming
2026/27,Premier League,2027-01-30,Liverpool,Everton,,,Upcoming
2026/27,Premier League,2027-01-30,Manchester City,Arsenal,,,Upcoming
2026/27,Premier League,2027-01-30,Newcastle,Brighton,,,Upcoming
2026/27,Premier League,2027-01-30,Tottenham,Sunderland,,,Upcoming
2026/27,Premier League,2027-02-06,Arsenal,Liverpool,,,Upcoming
2026/27,Premier League,2027-02-06,Brighton,Hull City,,,Upcoming
2026/27,Premier League,2027-02-06,Crystal Palace,Coventry City,,,Upcoming
2026/27,Premier League,2027-02-06,Everton,Newcastle,,,Upcoming
2026/27,Premier League,2027-02-06,Fulham,Manchester City,,,Upcoming
2026/27,Premier League,2027-02-06,Ipswich Town,Tottenham,,,Upcoming
2026/27,Premier League,2027-02-06,Leeds United,Bournemouth,,,Upcoming
2026/27,Premier League,2027-02-06,Manchester Utd,Chelsea,,,Upcoming
2026/27,Premier League,2027-02-06,Nottingham,Brentford,,,Upcoming
2026/27,Premier League,2027-02-06,Sunderland,Aston Villa,,,Upcoming
2026/27,Premier League,2027-02-11,Aston Villa,Bournemouth,,,Upcoming
2026/27,Premier League,2027-02-11,Coventry City,Liverpool,,,Upcoming
2026/27,Premier League,2027-02-11,Crystal Palace,Brentford,,,Upcoming
2026/27,Premier League,2027-02-11,Everton,Leeds United,,,Upcoming
2026/27,Premier League,2027-02-11,Fulham,Nottingham,,,Upcoming
2026/27,Premier League,2027-02-11,Hull City,Sunderland,,,Upcoming
2026/27,Premier League,2027-02-11,Ipswich Town,Arsenal,,,Upcoming
2026/27,Premier League,2027-02-11,Manchester Utd,Brighton,,,Upcoming
2026/27,Premier League,2027-02-11,Newcastle,Chelsea,,,Upcoming
2026/27,Premier League,2027-02-11,Tottenham,Manchester City,,,Upcoming
2026/27,Premier League,2027-02-20,Arsenal,Fulham,,,Upcoming
2026/27,Premier League,2027-02-20,Bournemouth,Crystal Palace,,,Upcoming
2026/27,Premier League,2027-02-20,Brentford,Coventry City,,,Upcoming
2026/27,Premier League,2027-02-20,Brighton,Tottenham,,,Upcoming
2026/27,Premier League,2027-02-20,Chelsea,Ipswich Town,,,Upcoming
2026/27,Premier League,2027-02-20,Leeds United,Aston Villa,,,Upcoming
2026/27,Premier League,2027-02-20,Liverpool,Hull City,,,Upcoming
2026/27,Premier League,2027-02-20,Manchester City,Newcastle,,,Upcoming
2026/27,Premier League,2027-02-20,Nottingham,Manchester Utd,,,Upcoming
2026/27,Premier League,2027-02-20,Sunderland,Everton,,,Upcoming
2026/27,Premier League,2027-02-27,Aston Villa,Chelsea,,,Upcoming
2026/27,Premier League,2027-02-27,Coventry City,Bournemouth,,,Upcoming
2026/27,Premier League,2027-02-27,Crystal Palace,Sunderland,,,Upcoming
2026/27,Premier League,2027-02-27,Everton,Nottingham,,,Upcoming
2026/27,Premier League,2027-02-27,Fulham,Leeds United,,,Upcoming
2026/27,Premier League,2027-02-27,Hull City,Manchester City,,,Upcoming
2026/27,Premier League,2027-02-27,Ipswich Town,Brighton,,,Upcoming
2026/27,Premier League,2027-02-27,Manchester Utd,Arsenal,,,Upcoming
2026/27,Premier League,2027-02-27,Newcastle,Brentford,,,Upcoming
2026/27,Premier League,2027-02-27,Tottenham,Liverpool,,,Upcoming
2026/27,Premier League,2027-03-04,Arsenal,Crystal Palace,,,Upcoming
2026/27,Premier League,2027-03-04,Bournemouth,Tottenham,,,Upcoming
2026/27,Premier League,2027-03-04,Brentford,Ipswich Town,,,Upcoming
2026/27,Premier League,2027-03-04,Brighton,Fulham,,,Upcoming
2026/27,Premier League,2027-03-04,Chelsea,Coventry City,,,Upcoming
2026/27,Premier League,2027-03-04,Leeds United,Hull City,,,Upcoming
2026/27,Premier League,2027-03-04,Liverpool,Aston Villa,,,Upcoming
2026/27,Premier League,2027-03-04,Manchester City,Everton,,,Upcoming
2026/27,Premier League,2027-03-04,Nottingham,Newcastle,,,Upcoming
2026/27,Premier League,2027-03-04,Sunderland,Manchester Utd,,,Upcoming
2026/27,Premier League,2027-03-13,Aston Villa,Hull City,,,Upcoming
2026/27,Premier League,2027-03-13,Bournemouth,Newcastle,,,Upcoming
2026/27,Premier League,2027-03-13,Chelsea,Arsenal,,,Upcoming
2026/27,Premier League,2027-03-13,Coventry City,Manchester City,,,Upcoming
2026/27,Premier League,2027-03-13,Crystal Palace,Fulham,,,Upcoming
2026/27,Premier League,2027-03-13,Leeds United,Brighton,,,Upcoming
2026/27,Premier League,2027-03-13,Liverpool,Ipswich Town,,,Upcoming
2026/27,Premier League,2027-03-13,Manchester Utd,Everton,,,Upcoming
2026/27,Premier League,2027-03-13,Sunderland,Brentford,,,Upcoming
2026/27,Premier League,2027-03-13,Tottenham,Nottingham,,,Upcoming
2026/27,Premier League,2027-03-20,Arsenal,Sunderland,,,Upcoming
2026/27,Premier League,2027-03-20,Brentford,Bournemouth,,,Upcoming
2026/27,Premier League,2027-03-20,Brighton,Coventry City,,,Upcoming
2026/27,Premier League,2027-03-20,Everton,Tottenham,,,Upcoming
2026/27,Premier League,2027-03-20,Fulham,Liverpool,,,Upcoming
2026/27,Premier League,2027-03-20,Hull City,Chelsea,,,Upcoming
2026/27,Premier League,2027-03-20,Ipswich Town,Crystal Palace,,,Upcoming
2026/27,Premier League,2027-03-20,Manchester City,Manchester Utd,,,Upcoming
2026/27,Premier League,2027-03-20,Newcastle,Leeds United,,,Upcoming
2026/27,Premier League,2027-03-20,Nottingham,Aston Villa,,,Upcoming
2026/27,Premier League,2027-04-10,Aston Villa,Brighton,,,Upcoming
2026/27,Premier League,2027-04-10,Bournemouth,Manchester City,,,Upcoming
2026/27,Premier League,2027-04-10,Chelsea,Fulham,,,Upcoming
2026/27,Premier League,2027-04-10,Coventry City,Arsenal,,,Upcoming
2026/27,Premier League,2027-04-10,Crystal Palace,Everton,,,Upcoming
2026/27,Premier League,2027-04-10,Leeds United,Nottingham,,,Upcoming
2026/27,Premier League,2027-04-10,Liverpool,Newcastle,,,Upcoming
2026/27,Premier League,2027-04-10,Manchester Utd,Hull City,,,Upcoming
2026/27,Premier League,2027-04-10,Sunderland,Ipswich Town,,,Upcoming
2026/27,Premier League,2027-04-10,Tottenham,Brentford,,,Upcoming
2026/27,Premier League,2027-04-17,Arsenal,Aston Villa,,,Upcoming
2026/27,Premier League,2027-04-17,Brentford,Leeds United,,,Upcoming
2026/27,Premier League,2027-04-17,Brighton,Chelsea,,,Upcoming
2026/27,Premier League,2027-04-17,Everton,Bournemouth,,,Upcoming
2026/27,Premier League,2027-04-17,Fulham,Sunderland,,,Upcoming
2026/27,Premier League,2027-04-17,Hull City,Coventry City,,,Upcoming
2026/27,Premier League,2027-04-17,Ipswich Town,Manchester Utd,,,Upcoming
2026/27,Premier League,2027-04-17,Manchester City,Crystal Palace,,,Upcoming
2026/27,Premier League,2027-04-17,Newcastle,Tottenham,,,Upcoming
2026/27,Premier League,2027-04-17,Nottingham,Liverpool,,,Upcoming
2026/27,Premier League,2027-04-24,Aston Villa,Coventry City,,,Upcoming
2026/27,Premier League,2027-04-24,Bournemouth,Arsenal,,,Upcoming
2026/27,Premier League,2027-04-24,Brentford,Fulham,,,Upcoming
2026/27,Premier League,2027-04-24,Chelsea,Manchester City,,,Upcoming
2026/27,Premier League,2027-04-24,Everton,Brighton,,,Upcoming
2026/27,Premier League,2027-04-24,Leeds United,Liverpool,,,Upcoming
2026/27,Premier League,2027-04-24,Manchester Utd,Crystal Palace,,,Upcoming
2026/27,Premier League,2027-04-24,Newcastle,Ipswich Town,,,Upcoming
2026/27,Premier League,2027-04-24,Nottingham,Sunderland,,,Upcoming
2026/27,Premier League,2027-04-24,Tottenham,Hull City,,,Upcoming
2026/27,Premier League,2027-05-01,Arsenal,Tottenham,,,Upcoming
2026/27,Premier League,2027-05-01,Brighton,Nottingham,,,Upcoming
2026/27,Premier League,2027-05-01,Coventry City,Manchester Utd,,,Upcoming
2026/27,Premier League,2027-05-01,Crystal Palace,Aston Villa,,,Upcoming
2026/27,Premier League,2027-05-01,Fulham,Everton,,,Upcoming
2026/27,Premier League,2027-05-01,Hull City,Bournemouth,,,Upcoming
2026/27,Premier League,2027-05-01,Ipswich Town,Leeds United,,,Upcoming
2026/27,Premier League,2027-05-01,Liverpool,Chelsea,,,Upcoming
2026/27,Premier League,2027-05-01,Manchester City,Brentford,,,Upcoming
2026/27,Premier League,2027-05-01,Sunderland,Newcastle,,,Upcoming
2026/27,Premier League,2027-05-08,Bournemouth,Manchester Utd,,,Upcoming
2026/27,Premier League,2027-05-08,Brentford,Aston Villa,,,Upcoming
2026/27,Premier League,2027-05-08,Brighton,Sunderland,,,Upcoming
2026/27,Premier League,2027-05-08,Everton,Hull City,,,Upcoming
2026/27,Premier League,2027-05-08,Fulham,Ipswich Town,,,Upcoming
2026/27,Premier League,2027-05-08,Leeds United,Arsenal,,,Upcoming
2026/27,Premier League,2027-05-08,Manchester City,Liverpool,,,Upcoming
2026/27,Premier League,2027-05-08,Newcastle,Coventry City,,,Upcoming
2026/27,Premier League,2027-05-08,Nottingham,Crystal Palace,,,Upcoming
2026/27,Premier League,2027-05-08,Tottenham,Chelsea,,,Upcoming
2026/27,Premier League,2027-05-15,Arsenal,Nottingham,,,Upcoming
2026/27,Premier League,2027-05-15,Aston Villa,Newcastle,,,Upcoming
2026/27,Premier League,2027-05-15,Chelsea,Everton,,,Upcoming
2026/27,Premier League,2027-05-15,Coventry City,Tottenham,,,Upcoming
2026/27,Premier League,2027-05-15,Crystal Palace,Brighton,,,Upcoming
2026/27,Premier League,2027-05-15,Hull City,Fulham,,,Upcoming
2026/27,Premier League,2027-05-15,Ipswich Town,Manchester City,,,Upcoming
2026/27,Premier League,2027-05-15,Liverpool,Brentford,,,Upcoming
2026/27,Premier League,2027-05-15,Manchester Utd,Leeds United,,,Upcoming
2026/27,Premier League,2027-05-15,Sunderland,Bournemouth,,,Upcoming
2026/27,Premier League,2027-05-23,Bournemouth,Chelsea,,,Upcoming
2026/27,Premier League,2027-05-23,Brentford,Hull City,,,Upcoming
2026/27,Premier League,2027-05-23,Brighton,Liverpool,,,Upcoming
2026/27,Premier League,2027-05-23,Everton,Arsenal,,,Upcoming
2026/27,Premier League,2027-05-23,Fulham,Coventry City,,,Upcoming
2026/27,Premier League,2027-05-23,Leeds United,Sunderland,,,Upcoming
2026/27,Premier League,2027-05-23,Manchester City,Aston Villa,,,Upcoming
2026/27,Premier League,2027-05-23,Newcastle,Crystal Palace,,,Upcoming
2026/27,Premier League,2027-05-23,Nottingham,Ipswich Town,,,Upcoming
2026/27,Premier League,2027-05-23,Tottenham,Manchester Utd,,,Upcoming
2026/27,Premier League,2027-05-30,Arsenal,Brighton,,,Upcoming
2026/27,Premier League,2027-05-30,Aston Villa,Tottenham,,,Upcoming
2026/27,Premier League,2027-05-30,Chelsea,Brentford,,,Upcoming
2026/27,Premier League,2027-05-30,Coventry City,Nottingham,,,Upcoming
2026/27,Premier League,2027-05-30,Crystal Palace,Leeds United,,,Upcoming
2026/27,Premier League,2027-05-30,Hull City,Newcastle,,,Upcoming
2026/27,Premier League,2027-05-30,Ipswich Town,Everton,,,Upcoming
2026/27,Premier League,2027-05-30,Liverpool,Bournemouth,,,Upcoming
2026/27,Premier League,2027-05-30,Manchester Utd,Fulham,,,Upcoming
2026/27,Premier League,2027-05-30,Sunderland,Manchester City,,,Upcoming
